[Licensing::Module] Trying to connect to existing licensing client channel...
Built from '6000.4/staging' branch; Version is '6000.4.0f1 (8cf496087c8f) revision 9237654'; Using compiler version '194234433'; Build Type 'Release'
OS: 'Windows 11  (10.0.26200) Core' Language: 'ja' Physical Memory: 14177 MB
BatchMode: 1, IsHumanControllingUs: 0, StartBugReporterOnCrash: 0, Is64bit: 1
[Licensing::IpcConnector] Successfully connected to: "LicenseClient-yurin" at "2026-09-13T02:33:18.8692903Z"
System  architecture: x64
Process architecture: x64
Date: 2026-09-13T02:33:18Z

COMMAND LINE ARGUMENTS:
C:\Program Files\Unity\Hub\Editor\6000.4.0f1\Editor\Unity.exe
-adb2
-batchMode
-noUpm
-name
AssetImportWorker0
-projectPath
C:/Users/yurin/My project (4)
-logFile
Logs/AssetImportWorker0.log
-srvPort
58032
-licensingIpc
LicenseClient-yurin
-force-d3d12
-job-worker-count
7
-background-job-worker-count
8
-gc-helper-count
1
-name
AssetImport
Successfully changed project path to: C:/Users/yurin/My project (4)
C:/Users/yurin/My project (4)
[UnityMemory] Configuration Parameters - Can be set up in boot.config
    "memorysetup-temp-allocator-size-gi-baking-worker=262144"
    "memorysetup-temp-allocator-size-gi-baking-worker=262144"
    "memorysetup-temp-allocator-size-gi-baking-worker=262144"
    "memorysetup-temp-allocator-size-gi-baking-worker=262144"
    "memorysetup-temp-allocator-size-gi-baking-worker=262144"
    "memorysetup-temp-allocator-size-nav-mesh-worker=65536"
    "memorysetup-temp-allocator-size-audio-worker=65536"
    "memorysetup-temp-allocator-size-cloud-worker=32768"
    "memorysetup-temp-allocator-size-gfx=262144"
    "memorysetup-temp-allocator-size-preload-manager=33554432"
    "memorysetup-temp-allocator-size-job-worker=262144"
    "memorysetup-temp-allocator-size-background-worker=32768"
    "memorysetup-allocator-temp-initial-block-size-main=262144"
    "memorysetup-allocator-temp-initial-block-size-worker=262144"
    "memorysetup-bucket-allocator-granularity=16"
    "memorysetup-bucket-allocator-bucket-count=8"
    "memorysetup-bucket-allocator-block-size=33554432"
    "memorysetup-bucket-allocator-block-count=8"
    "memorysetup-main-allocator-block-size=16777216"
    "memorysetup-thread-allocator-block-size=16777216"
    "memorysetup-gfx-main-allocator-block-size=16777216"
    "memorysetup-gfx-thread-allocator-block-size=16777216"
    "memorysetup-cache-allocator-block-size=4194304"
    "memorysetup-typetree-allocator-block-size=2097152"
    "memorysetup-profiler-bucket-allocator-granularity=16"
    "memorysetup-profiler-bucket-allocator-bucket-count=8"
    "memorysetup-profiler-bucket-allocator-block-size=33554432"
    "memorysetup-profiler-bucket-allocator-block-count=8"
    "memorysetup-profiler-allocator-block-size=16777216"
    "memorysetup-profiler-editor-allocator-block-size=1048576"
    "memorysetup-temp-allocator-size-main=16777216"
    "memorysetup-job-temp-allocator-block-size=2097152"
    "memorysetup-job-temp-allocator-block-size-background=1048576"
    "memorysetup-job-temp-allocator-reduction-small-platforms=262144"
Player connection [26632]  Target information:

Player connection [26632]  * "[IP] 192.168.0.25 [Port] 0 [Flags] 2 [Guid] 3535172898 [EditorId] 3535172898 [Version] 1048832 [Id] WindowsEditor(7,mycomputer2) [Debug] 1 [PackageName] WindowsEditor [ProjectName] Editor" 

Player connection [26632] Host joined multi-casting on [225.0.0.222:54997]...
Player connection [26632] Host joined alternative multi-casting on [225.0.0.222:34997]...
JobSystem: Creating JobQueue using job-worker-count value 7
Input System module state changed to: Initialized.
[Physics::Module] Initialized fallback backend.
[Physics::Module] Id: 0xdecafbad
Library Redirect Path: Library/
[Physics::Module] Selected backend.
[Physics::Module] Name: PhysX
[Physics::Module] Id: 0xf2b8ea05
[Physics::Module] SDK Version: 4.1.2
[Physics::Module] Integration Version: 1.0.0
[Physics::Module] Threading Mode: Multi-Threaded
Refreshing native plugins compatible for Editor in 163.69 ms, found 3 plugins.
Initialize engine version: 6000.4.0f1 (8cf496087c8f)
[Subsystems] Discovering subsystems at path C:/Program Files/Unity/Hub/Editor/6000.4.0f1/Editor/Data/Resources/UnitySubsystems
[Subsystems] Discovering subsystems at path C:/Users/yurin/My project (4)/Assets
Forcing GfxDevice: Direct3D 12
GfxDevice: creating device client; kGfxThreadingModeNonThreaded
d3d12: failed to query info queue interface (0x80004002).
Direct3D:
    Version:         Direct3D 12 [level 12.1]
    Renderer:        AMD Radeon (TM) Graphics (ID=0x15e7)
    Vendor:          ATI
    VRAM:            7088 MB
    App VRAM Budget: 8408 MB
    Driver:          31.0.21924.61
    Unified Memory Architecture
Initialize mono
Mono path[0] = 'C:/Program Files/Unity/Hub/Editor/6000.4.0f1/Editor/Data/Managed'
Mono path[1] = 'C:/Program Files/Unity/Hub/Editor/6000.4.0f1/Editor/Data/MonoBleedingEdge/lib/mono/unityjit-win32'
Mono config path = 'C:/Program Files/Unity/Hub/Editor/6000.4.0f1/Editor/Data/MonoBleedingEdge/etc'
Using monoOptions --debugger-agent=transport=dt_socket,embedding=1,server=y,suspend=n,address=127.0.0.1:56864
CodeReloadManager initialized
[Licensing::Client] Error: HandshakeResponse reported an error:
	ResponseCode: 505
	ResponseStatus: Unsupported protocol version '1.18.1'.
[Licensing::Module] Error: Failed to handshake to channel: "LicenseClient-yurin"
[Licensing::IpcConnector] LicenseClient-yurin channel disconnected successfully.
[Licensing::IpcConnector] Successfully connected to: "LicenseClient-yurin-6000.4.0" at "2026-09-13T02:33:23.9232489Z"
Begin MonoManager ReloadAssembly
Registering precompiled unity dll's ...
Register platform support module: C:/Program Files/Unity/Hub/Editor/6000.4.0f1/Editor/Data/PlaybackEngines/WindowsStandaloneSupport/UnityEditor.WindowsStandalone.Extensions.dll
Registered in 0.006105 seconds.
[Licensing::Client] Handshaking with LicensingClient:
  Version:                 1.18.1+9fbee8e
  Session Id:              00aac940de90493d9cce7228df210259
  Correlation Id:          a3467ccc3eef97886400d28896439c3f
  External correlation Id: 1721285064200652730
  Machine Id:              3X+WYo16LhlzxjcNlVO2p4mBnLw=
[Licensing::Module] Successfully connected to LicensingClient on channel: "LicenseClient-yurin-6000.4.0" (connect: 0.00s, validation: 0.00s, handshake: 5.46s)
[Licensing::IpcConnector] Successfully connected to: "LicenseClient-yurin-6000.4.0-notifications" at "2026-09-13T02:33:29.3875719Z"
[Licensing::Module] Licensing Background thread has ended after 10.52s
Native extension for WindowsStandalone target not found
Package Manager log level set to [2]
[Package Manager] Failed to launch server process. Reason: Unity was launched with the -noUpm command-line argument
[Package Manager] Unable to send message (not connected to server process).
[Package Manager] Cannot connect to Unity Package Manager local server
ScheduleIndexationOnStartup MainProcess:False IndexOnStartup:True
Mono: successfully reloaded assembly
- Finished resetting the current domain, in  0.890 seconds
Domain Reload Profiling: 6363ms
	BeginReloadAssembly (1951ms)
		CreateAndSetChildDomain (3ms)
	RebuildCommonClasses (1189ms)
	RebuildNativeTypeToScriptingClass (17ms)
	initialDomainReloadingComplete (185ms)
	LoadAllAssembliesAndSetupDomain (2128ms)
		LoadAssemblies (1937ms)
		AnalyzeDomain (2110ms)
			TypeCache.Refresh (2107ms)
				TypeCache.ScanAssembly (1547ms)
	FinalizeReload (893ms)
		SetupLoadedEditorAssemblies (0ms)
			InitializePlatformSupportModulesInManaged (89ms)
			BeforeProcessingInitializeOnLoad (123ms)
			ProcessInitializeOnLoadAttributes (278ms)
			ProcessInitializeOnLoadMethodAttributes (272ms)
========================================================================
Worker process is ready to serve import requests
Import Worker Mode flag is 0x00
Begin MonoManager ReloadAssembly
[Licensing::Client] Successfully resolved entitlement details
[Licensing::Module] License group:
  Id: 15669334704542-UnityPersXXXX
  Product: Unity Personal
  Type: Assigned
  Expiration: Unlimited
Assembly Assembly-CSharp-Editor-firstpass.dll at Library/ScriptAssemblies/Assembly-CSharp-Editor-firstpass.dll not valid. Loading of assembly skipped.
Assembly Assembly-CSharp-firstpass.dll at Library/ScriptAssemblies/Assembly-CSharp-firstpass.dll not valid. Loading of assembly skipped.
Assembly Cinemachine.Editor.Tests.dll at Library/ScriptAssemblies/Cinemachine.Editor.Tests.dll not valid. Loading of assembly skipped.
Assembly Cinemachine.Runtime.Tests.dll at Library/ScriptAssemblies/Cinemachine.Runtime.Tests.dll not valid. Loading of assembly skipped.
Assembly DocCodeExamples.dll at Library/ScriptAssemblies/DocCodeExamples.dll not valid. Loading of assembly skipped.
Assembly TestNewCustomAssembly.dll at Library/ScriptAssemblies/TestNewCustomAssembly.dll not valid. Loading of assembly skipped.
Assembly Unity.Multiplayer.Center.Editor.Tests.dll at Library/ScriptAssemblies/Unity.Multiplayer.Center.Editor.Tests.dll not valid. Loading of assembly skipped.
Assembly Unity.Multiplayer.Center.Tests.dll at Library/ScriptAssemblies/Unity.Multiplayer.Center.Tests.dll not valid. Loading of assembly skipped.
Assembly Unity.Performance.Profile-Analyzer.EditorTests.dll at Library/ScriptAssemblies/Unity.Performance.Profile-Analyzer.EditorTests.dll not valid. Loading of assembly skipped.
Assembly Unity.Settings.Tests.dll at Library/ScriptAssemblies/Unity.Settings.Tests.dll not valid. Loading of assembly skipped.
Assembly Unity.TestTools.CodeCoverage.Editor.Compatibility.dll at Library/ScriptAssemblies/Unity.TestTools.CodeCoverage.Editor.Compatibility.dll not valid. Loading of assembly skipped.
Assembly Unity.TextMeshPro.Editor.Tests.dll at Library/ScriptAssemblies/Unity.TextMeshPro.Editor.Tests.dll not valid. Loading of assembly skipped.
Assembly Unity.TextMeshPro.Tests.dll at Library/ScriptAssemblies/Unity.TextMeshPro.Tests.dll not valid. Loading of assembly skipped.
Assembly UnityEditor.UI.Common.Tests.dll at Library/ScriptAssemblies/UnityEditor.UI.Common.Tests.dll not valid. Loading of assembly skipped.
Assembly UnityEditor.UI.EditorTests.dll at Library/ScriptAssemblies/UnityEditor.UI.EditorTests.dll not valid. Loading of assembly skipped.
Assembly UnityEngine.UI.Tests.dll at Library/ScriptAssemblies/UnityEngine.UI.Tests.dll not valid. Loading of assembly skipped.
Native extension for WindowsStandalone target not found
[Package Manager] Failed to launch server process. Reason: Unity was launched with the -noUpm command-line argument
[Package Manager] Unable to send message (not connected to server process).
[Package Manager] Cannot connect to Unity Package Manager local server
[Package Manager] Failed to launch server process. Reason: Unity was launched with the -noUpm command-line argument
[Package Manager] Unable to send message (not connected to server process).
[Package Manager] Cannot connect to Unity Package Manager local server
ScheduleIndexationOnStartup MainProcess:False IndexOnStartup:True
Mono: successfully reloaded assembly
- Finished resetting the current domain, in  1.142 seconds
Domain Reload Profiling: 11933ms
	BeginReloadAssembly (362ms)
		DisableScriptedObjects (10ms)
		CreateAndSetChildDomain (79ms)
	RebuildCommonClasses (63ms)
	RebuildNativeTypeToScriptingClass (18ms)
	initialDomainReloadingComplete (5939ms)
	LoadAllAssembliesAndSetupDomain (4408ms)
		LoadAssemblies (3576ms)
		AnalyzeDomain (1013ms)
			TypeCache.Refresh (884ms)
				TypeCache.ScanAssembly (863ms)
			BuildScriptInfoCaches (121ms)
			ResolveRequiredComponents (6ms)
	FinalizeReload (1143ms)
		SetupLoadedEditorAssemblies (0ms)
			BeforeProcessingInitializeOnLoad (154ms)
			ProcessInitializeOnLoadAttributes (770ms)
			ProcessInitializeOnLoadMethodAttributes (55ms)
			AfterProcessingInitializeOnLoad (11ms)
		AwakeInstancesAfterBackupRestoration (7ms)
Launched and connected shader compiler UnityShaderCompiler.exe after 0.25 seconds
Refreshing native plugins compatible for Editor in 2.60 ms, found 3 plugins.
Unloading 1 Unused Serialized files (Serialized files now loaded: 0)
Unloading 3792 unused Assets / (1.0 MB). Loaded Objects now: 4432.
Memory consumption went from 112.1 MB to 111.1 MB.
Total: 23.831700 ms (FindLiveObjects: 8.535900 ms CreateObjectMapping: 0.907000 ms MarkObjects: 11.747900 ms  DeleteObjects: 2.408400 ms)

========================================================================
Received Import Request.
  Time since last request: 633851.936487 seconds.
  path: Assets/WW2 Armed Forces Demo/Materials
  importAddress: Guid(2281484c8130f7d449ca48d380e82fb4) Importer(815301076,1909f56bfc062723c751e8b465ee728b)
Start importing Assets/WW2 Armed Forces Demo/Materials using Guid(2281484c8130f7d449ca48d380e82fb4) Importer(815301076,1909f56bfc062723c751e8b465ee728b) (PreviewImporter) -> (Import Result ID: '18da929ef2aa1059a51615e5eedaf3e0') in 0.1688547 seconds [static and dynamic dependencies]. Details - ImportResultOutputID=112514ede8c52ba098e943bdaa3e480d DependenciesID=75364a237e5004d58d63893af68fe190 StaticDependenciesID=ba65e1564596b464f7d53c0bd4633ebd 
Number of updated asset objects reloaded before import = 0Number of asset objects unloaded after import = 0

========================================================================
Received Import Request.
  Time since last request: 47.244605 seconds.
  path: Assets/WW2 Armed Forces Demo/Textures/E_50/E_50_Metallic.png
  importAddress: Guid(6965ba83365f86046b06b8078220aba1) Importer(815301076,1909f56bfc062723c751e8b465ee728b)
Start importing Assets/WW2 Armed Forces Demo/Textures/E_50/E_50_Metallic.png using Guid(6965ba83365f86046b06b8078220aba1) Importer(815301076,1909f56bfc062723c751e8b465ee728b) (PreviewImporter) -> (Import Result ID: '2a9767593eb9e353834b65dc83ac0a2d') in 0.0807904 seconds [static and dynamic dependencies]. Details - ImportResultOutputID=32e361d29f36e78abe91689772a09607 DependenciesID=3e8fa6452c501608b9122c7b60f98900 StaticDependenciesID=386fa96906d192c15527582cad789078 
Number of updated asset objects reloaded before import = 0Number of asset objects unloaded after import = 2

========================================================================
Received Import Request.
  Time since last request: 2.508620 seconds.
  path: Assets/WW2 Armed Forces Demo/Textures/E_50/E_50_AO.png
  importAddress: Guid(c4cb8c8a16f2cc64eb546cae7f85835f) Importer(815301076,1909f56bfc062723c751e8b465ee728b)
Start importing Assets/WW2 Armed Forces Demo/Textures/E_50/E_50_AO.png using Guid(c4cb8c8a16f2cc64eb546cae7f85835f) Importer(815301076,1909f56bfc062723c751e8b465ee728b) (PreviewImporter) -> (Import Result ID: '816d712d6f973f115dd56ab84d3360f0') in 0.0510946 seconds [static and dynamic dependencies]. Details - ImportResultOutputID=be15689cbbdb8e89b3dcc90091a011eb DependenciesID=853631172ee0c1685fc6d3feb6aec445 StaticDependenciesID=a87a6b49f09fd01a25126aff5cf3dcb2 
Number of updated asset objects reloaded before import = 0Number of asset objects unloaded after import = 2

========================================================================
Received Import Request.
  Time since last request: 1.349854 seconds.
  path: Assets/WW2 Armed Forces Demo/Textures/E_50/E_50_AlbedoTransparency_1.png
  importAddress: Guid(1b94964f642e6a0489a5ec950c1ba0f8) Importer(815301076,1909f56bfc062723c751e8b465ee728b)
Start importing Assets/WW2 Armed Forces Demo/Textures/E_50/E_50_AlbedoTransparency_1.png using Guid(1b94964f642e6a0489a5ec950c1ba0f8) Importer(815301076,1909f56bfc062723c751e8b465ee728b) (PreviewImporter) -> (Import Result ID: '233e1d23f5c460dcc222777adb84e436') in 0.0259416 seconds [static and dynamic dependencies]. Details - ImportResultOutputID=7e966b24e53a304748644bc61448d137 DependenciesID=055248148d25aebaefb7d44292728caf StaticDependenciesID=dc3c0851ff789536b74680609687fb27 
Number of updated asset objects reloaded before import = 0Number of asset objects unloaded after import = 2

========================================================================
Received Import Request.
  Time since last request: 27.673237 seconds.
  path: Assets/WW2 Armed Forces Demo/Materials/Track
  importAddress: Guid(c33245365ae58ab4d985a24d6ff5ebdc) Importer(815301076,1909f56bfc062723c751e8b465ee728b)
Start importing Assets/WW2 Armed Forces Demo/Materials/Track using Guid(c33245365ae58ab4d985a24d6ff5ebdc) Importer(815301076,1909f56bfc062723c751e8b465ee728b) (PreviewImporter) -> (Import Result ID: '81bfd5dac7ed72b4222c69100a9862cf') in 0.0007006 seconds [static and dynamic dependencies]. Details - ImportResultOutputID=0251ca171157dd846d0004930595389a DependenciesID=bba6aa5015dabbf2062aec3552c4a89c StaticDependenciesID=af44842fd059f967af1bd30b641456b8 
Number of updated asset objects reloaded before import = 0Number of asset objects unloaded after import = 0

========================================================================
Received Prepare
Refreshing native plugins compatible for Editor in 3.19 ms, found 3 plugins.
Unloading 1 Unused Serialized files (Serialized files now loaded: 0)
Unloading 3787 unused Assets / (1.0 MB). Loaded Objects now: 4438.
Memory consumption went from 113.6 MB to 112.6 MB.
Total: 17.823100 ms (FindLiveObjects: 1.545700 ms CreateObjectMapping: 0.869700 ms MarkObjects: 13.004700 ms  DeleteObjects: 2.401000 ms)

Prepare: number of updated asset objects reloaded= 0
========================================================================
Received Import Request.
  Time since last request: 243.600377 seconds.
  path: Assets/WW2 Armed Forces Demo/Documentation/WW2 Armed Forces Demo README.pdf
  importAddress: Guid(77f726f5dec2e6942aad605bd4949b76) Importer(2089858483,b0f066a214c2f5e87bad3c948f4d605d)
Start importing Assets/WW2 Armed Forces Demo/Documentation/WW2 Armed Forces Demo README.pdf using Guid(77f726f5dec2e6942aad605bd4949b76) Importer(2089858483,b0f066a214c2f5e87bad3c948f4d605d) (ScriptedImporter) -> (Import Result ID: '917a3e01ba94946e1c7597f3cc678131') in 0.3359565 seconds [static and dynamic dependencies]. Details - ImportResultOutputID=09ef95f212ebe9b80fe8be3a117fb09f DependenciesID=22aa7f993264bf770fc02dd3581c8c7f StaticDependenciesID=8e55cf0581639dce22b02b14c7d268b9 
Number of updated asset objects reloaded before import = 0Number of asset objects unloaded after import = 1

========================================================================
Received Import Request.
  Time since last request: 0.000096 seconds.
  path: Assets/WW2 Armed Forces Demo/Textures/Carro_Armato_M13_40/Carro_Armato_M13_40_Metallic.png
  importAddress: Guid(ddaabaa798ceec74caca2acde100197d) Importer(2089858483,b0f066a214c2f5e87bad3c948f4d605d)
Start importing Assets/WW2 Armed Forces Demo/Textures/Carro_Armato_M13_40/Carro_Armato_M13_40_Metallic.png using Guid(ddaabaa798ceec74caca2acde100197d) Importer(2089858483,b0f066a214c2f5e87bad3c948f4d605d) (ScriptedImporter) -> (Import Result ID: '92639f6b06cb81f6d90d2a86cc68534c') in 0.1317826 seconds [static and dynamic dependencies]. Details - ImportResultOutputID=ded426e7f42ed3a37b2c0049be951d6d DependenciesID=fa70e2bddfde481210b3d35dcd5381f4 StaticDependenciesID=79a7e73623ea254780afd6a4e92ff2a0 
Number of updated asset objects reloaded before import = 0Number of asset objects unloaded after import = 1

========================================================================
Received Import Request.
  Time since last request: 0.000091 seconds.
  path: Assets/WW2 Armed Forces Demo/Textures/M5A1_Stuart/M5A1_Stuart_AlbedoTransparency_1.png
  importAddress: Guid(fe0855c6f96e4fb4e91091bae8e82085) Importer(2089858483,b0f066a214c2f5e87bad3c948f4d605d)
Start importing Assets/WW2 Armed Forces Demo/Textures/M5A1_Stuart/M5A1_Stuart_AlbedoTransparency_1.png using Guid(fe0855c6f96e4fb4e91091bae8e82085) Importer(2089858483,b0f066a214c2f5e87bad3c948f4d605d) (ScriptedImporter) -> (Import Result ID: '2ee01475f490bf9217c53aef85237d89') in 0.0399995 seconds [static and dynamic dependencies]. Details - ImportResultOutputID=1065d910265887f10ec93b0112c3e7fa DependenciesID=4bb4602b47f8cc053e2879d854489745 StaticDependenciesID=bb3896aa2a05d09b55d31086a6ce2739 
Number of updated asset objects reloaded before import = 0Number of asset objects unloaded after import = 1

========================================================================
Received Import Request.
  Time since last request: 0.000042 seconds.
  path: Assets/WW2 Armed Forces Demo/Textures/T_28_85/T_28_85_Metallic.png
  importAddress: Guid(5bbe91baf5f86714ca12028c704b6ece) Importer(2089858483,b0f066a214c2f5e87bad3c948f4d605d)
Start importing Assets/WW2 Armed Forces Demo/Textures/T_28_85/T_28_85_Metallic.png using Guid(5bbe91baf5f86714ca12028c704b6ece) Importer(2089858483,b0f066a214c2f5e87bad3c948f4d605d) (ScriptedImporter) -> (Import Result ID: '42ee11a72546287fb9f069c6ec717b01') in 0.0486361 seconds [static and dynamic dependencies]. Details - ImportResultOutputID=38a261f55c58b973bb74c5542be82bd9 DependenciesID=e67e96c3b91b8449c610cd9f53d4993e StaticDependenciesID=a0c9cf04274d2461643c9e70f39ecace 
Number of updated asset objects reloaded before import = 0Number of asset objects unloaded after import = 1

========================================================================
Received Import Request.
  Time since last request: 0.000067 seconds.
  path: Assets/WW2 Armed Forces Demo/Textures/Carro_Armato_M13_40/Carro_Armato_M13_40_Normal.png
  importAddress: Guid(80b861676ac30a24ba3d0c2c0938edb3) Importer(2089858483,b0f066a214c2f5e87bad3c948f4d605d)
Start importing Assets/WW2 Armed Forces Demo/Textures/Carro_Armato_M13_40/Carro_Armato_M13_40_Normal.png using Guid(80b861676ac30a24ba3d0c2c0938edb3) Importer(2089858483,b0f066a214c2f5e87bad3c948f4d605d) (ScriptedImporter) -> (Import Result ID: '131ee3a740f6cdf8add2292737dac3af') in 0.0768339 seconds [static and dynamic dependencies]. Details - ImportResultOutputID=e05a649fc432c57a7b333764aec24143 DependenciesID=161934b97513f5ac1ae1d72f94e13a7d StaticDependenciesID=696398a68ca273495876fd138ebe5996 
Number of updated asset objects reloaded before import = 0Number of asset objects unloaded after import = 1

========================================================================
Received Import Request.
  Time since last request: 0.000050 seconds.
  path: Assets/WW2 Armed Forces Demo/Textures/E_50/E_50_Metallic.png
  importAddress: Guid(6965ba83365f86046b06b8078220aba1) Importer(2089858483,b0f066a214c2f5e87bad3c948f4d605d)
Start importing Assets/WW2 Armed Forces Demo/Textures/E_50/E_50_Metallic.png using Guid(6965ba83365f86046b06b8078220aba1) Importer(2089858483,b0f066a214c2f5e87bad3c948f4d605d) (ScriptedImporter) -> (Import Result ID: 'b935e7f08249a9d1a52a0ede72363ee0') in 0.0548506 seconds [static and dynamic dependencies]. Details - ImportResultOutputID=5e75ebd28726128d3c2d4e5b0a1ddf46 DependenciesID=aab3a490109e40df524896e2326bc914 StaticDependenciesID=8485327722d45f2c5781012be23535a9 
Number of updated asset objects reloaded before import = 0Number of asset objects unloaded after import = 1

========================================================================
Received Import Request.
  Time since last request: 0.000049 seconds.
  path: Assets/WW2 Armed Forces Demo/Prefabs
  importAddress: Guid(f958f5133ad83c949b41ccac2b09fb26) Importer(2089858483,b0f066a214c2f5e87bad3c948f4d605d)
Start importing Assets/WW2 Armed Forces Demo/Prefabs using Guid(f958f5133ad83c949b41ccac2b09fb26) Importer(2089858483,b0f066a214c2f5e87bad3c948f4d605d) (ScriptedImporter) -> (Import Result ID: 'f4e76111d44fa580e26047fdeeadc6d3') in 0.0257499 seconds [static and dynamic dependencies]. Details - ImportResultOutputID=847baa3e989acec8602ddd970ce5c083 DependenciesID=1049dea20864363e30ff6bb6be03f2c1 StaticDependenciesID=24ce487c6477998ab4cae4fdef7416f4 
Number of updated asset objects reloaded before import = 0Number of asset objects unloaded after import = 1

========================================================================
Received Import Request.
  Time since last request: 0.000079 seconds.
  path: Assets/WW2 Armed Forces Demo/Textures/T_28_85/T_28_85_Normal.png
  importAddress: Guid(d6d7fb4a29dd7c54d80fac8b50a4770c) Importer(2089858483,b0f066a214c2f5e87bad3c948f4d605d)
Start importing Assets/WW2 Armed Forces Demo/Textures/T_28_85/T_28_85_Normal.png using Guid(d6d7fb4a29dd7c54d80fac8b50a4770c) Importer(2089858483,b0f066a214c2f5e87bad3c948f4d605d) (ScriptedImporter) -> (Import Result ID: '68ddd34d5d269396a84db87f26eeaecf') in 0.059082 seconds [static and dynamic dependencies]. Details - ImportResultOutputID=e320c4a298e3a24ca7250025ca16fa09 DependenciesID=b037f5588e2be8ec5386f750d5c1924b StaticDependenciesID=6892e0cf41a02d8c8b7fd81d13b19d80 
Number of updated asset objects reloaded before import = 0Number of asset objects unloaded after import = 1

========================================================================
Received Import Request.
  Time since last request: 0.000108 seconds.
  path: Assets/WW2 Armed Forces Demo/Prefabs/Renault_ZB.prefab
  importAddress: Guid(430d3ec72a1aa3740b0bae13dc9c749e) Importer(2089858483,b0f066a214c2f5e87bad3c948f4d605d)
Start importing Assets/WW2 Armed Forces Demo/Prefabs/Renault_ZB.prefab using Guid(430d3ec72a1aa3740b0bae13dc9c749e) Importer(2089858483,b0f066a214c2f5e87bad3c948f4d605d) (ScriptedImporter) -> (Import Result ID: '4d2eb1ba2a447cc05f5c3b4166d89049') in 0.1839412 seconds [static and dynamic dependencies]. Details - ImportResultOutputID=c132a662599213720fe49c24e5608a13 DependenciesID=6de60f9033b153c99c414a6f1a172d05 StaticDependenciesID=e55e1ea21a2a1ff5a60a1ec251ce4014 
Number of updated asset objects reloaded before import = 0Number of asset objects unloaded after import = 141

========================================================================
Received Import Request.
  Time since last request: 0.000083 seconds.
  path: Assets/WW2 Armed Forces Demo/Textures/Track
  importAddress: Guid(895439ad5aebc8e4bb98f3c7d30aa393) Importer(2089858483,b0f066a214c2f5e87bad3c948f4d605d)
Start importing Assets/WW2 Armed Forces Demo/Textures/Track using Guid(895439ad5aebc8e4bb98f3c7d30aa393) Importer(2089858483,b0f066a214c2f5e87bad3c948f4d605d) (ScriptedImporter) -> (Import Result ID: '404c2b0390f6329b94013049e8e42d7a') in 0.0342144 seconds [static and dynamic dependencies]. Details - ImportResultOutputID=e258a0a54d64a729d540f7a5d8b99b79 DependenciesID=2543dff4ad49121126c92dcce2f47d1a StaticDependenciesID=4e6bb04d970c4ab2e412554571491898 
Number of updated asset objects reloaded before import = 0Number of asset objects unloaded after import = 1

========================================================================
Received Import Request.
  Time since last request: 0.000034 seconds.
  path: Assets/WW2 Armed Forces Demo/Prefabs/Panzer_II_F.prefab
  importAddress: Guid(7c4525d5a46da0b47bbbdfd14c376381) Importer(2089858483,b0f066a214c2f5e87bad3c948f4d605d)
Start importing Assets/WW2 Armed Forces Demo/Prefabs/Panzer_II_F.prefab using Guid(7c4525d5a46da0b47bbbdfd14c376381) Importer(2089858483,b0f066a214c2f5e87bad3c948f4d605d) (ScriptedImporter) -> (Import Result ID: 'a9044194fcdb6406c5ad766daa984eb8') in 0.1890393 seconds [static and dynamic dependencies]. Details - ImportResultOutputID=7bd4efcce34f244784f220fcd1f450fe DependenciesID=a8f1cf23f718d1f10d43da2a4bf89843 StaticDependenciesID=aa1562a5e318dcf52d94f69d7fa82fab 
Number of updated asset objects reloaded before import = 0Number of asset objects unloaded after import = 153

========================================================================
Received Import Request.
  Time since last request: 0.000050 seconds.
  path: Assets/WW2 Armed Forces Demo/Textures/Chi_Ha/Chi_Ha_Normal.png
  importAddress: Guid(94dbaae2ef5659b4196cd65b8547d0a9) Importer(2089858483,b0f066a214c2f5e87bad3c948f4d605d)
Start importing Assets/WW2 Armed Forces Demo/Textures/Chi_Ha/Chi_Ha_Normal.png using Guid(94dbaae2ef5659b4196cd65b8547d0a9) Importer(2089858483,b0f066a214c2f5e87bad3c948f4d605d) (ScriptedImporter) -> (Import Result ID: '9bf92149cd3f5a4c54ed54d1b7ef869b') in 0.0641053 seconds [static and dynamic dependencies]. Details - ImportResultOutputID=07c415be6a3b8820a1d453640fd63e20 DependenciesID=0603b770d5bf306effa7f87de3b6b9bf StaticDependenciesID=cf60bea612ecac996b2c3dbbec668733 
Number of updated asset objects reloaded before import = 0Number of asset objects unloaded after import = 1

========================================================================
Received Import Request.
  Time since last request: 0.000026 seconds.
  path: Assets/WW2 Armed Forces Demo/Textures/Ha_Go/Ha_Go_AO.png
  importAddress: Guid(29a5079d583adbf47b2a88262bfbea27) Importer(2089858483,b0f066a214c2f5e87bad3c948f4d605d)
Start importing Assets/WW2 Armed Forces Demo/Textures/Ha_Go/Ha_Go_AO.png using Guid(29a5079d583adbf47b2a88262bfbea27) Importer(2089858483,b0f066a214c2f5e87bad3c948f4d605d) (ScriptedImporter) -> (Import Result ID: '3747479aebd3b7f87bc97a5bce481346') in 0.0887075 seconds [static and dynamic dependencies]. Details - ImportResultOutputID=a18d7bfca8cae2a4eeb79c748fd1f7b5 DependenciesID=13a221275744bfc38cfc92fdb326281d StaticDependenciesID=7dae7074a02a1904bd817f4f9d804a47 
Number of updated asset objects reloaded before import = 0Number of asset objects unloaded after import = 1

========================================================================
Received Import Request.
  Time since last request: 0.000100 seconds.
  path: Assets/WW2 Armed Forces Demo/Textures/M4A3(75)_Sherman
  importAddress: Guid(5c7ce0f1636c0cc4e9cb24abfd9d195a) Importer(2089858483,b0f066a214c2f5e87bad3c948f4d605d)
Start importing Assets/WW2 Armed Forces Demo/Textures/M4A3(75)_Sherman using Guid(5c7ce0f1636c0cc4e9cb24abfd9d195a) Importer(2089858483,b0f066a214c2f5e87bad3c948f4d605d) (ScriptedImporter) -> (Import Result ID: 'a5ad479bb9aaa99ba4676004ec2bfb86') in 0.0310734 seconds [static and dynamic dependencies]. Details - ImportResultOutputID=dff6071489613fb2b93607b9f039d196 DependenciesID=158f0b79e05458953df7900d8172721e StaticDependenciesID=95075ad7d2ce19f7ebe9ad852619d413 
Number of updated asset objects reloaded before import = 0Number of asset objects unloaded after import = 1

========================================================================
Received Import Request.
  Time since last request: 0.000046 seconds.
  path: Assets/WW2 Armed Forces Demo/Textures/KV_2(1940)/KV_2(1940)_Metallic.png
  importAddress: Guid(db95ff073746dcc4e8f442f14a9e7973) Importer(2089858483,b0f066a214c2f5e87bad3c948f4d605d)
Start importing Assets/WW2 Armed Forces Demo/Textures/KV_2(1940)/KV_2(1940)_Metallic.png using Guid(db95ff073746dcc4e8f442f14a9e7973) Importer(2089858483,b0f066a214c2f5e87bad3c948f4d605d) (ScriptedImporter) -> (Import Result ID: 'd605a9bc695a1ab3b90fcb5d0c792cfb') in 0.0637018 seconds [static and dynamic dependencies]. Details - ImportResultOutputID=2bb6265caf28ed4940c48ad2dd14ea81 DependenciesID=71de0ba9b6e6e74a6adaf1494abb9ea3 StaticDependenciesID=51d66c3cebb655813c8158813211bc73 
Number of updated asset objects reloaded before import = 0Number of asset objects unloaded after import = 1

========================================================================
Received Import Request.
  Time since last request: 0.000126 seconds.
  path: Assets/WW2 Armed Forces Demo/Textures/E_50/E_50_AO.png
  importAddress: Guid(c4cb8c8a16f2cc64eb546cae7f85835f) Importer(2089858483,b0f066a214c2f5e87bad3c948f4d605d)
Start importing Assets/WW2 Armed Forces Demo/Textures/E_50/E_50_AO.png using Guid(c4cb8c8a16f2cc64eb546cae7f85835f) Importer(2089858483,b0f066a214c2f5e87bad3c948f4d605d) (ScriptedImporter) -> (Import Result ID: '1e0c277a55c5e5f4b9b579c4ef7d81a4') in 0.0581267 seconds [static and dynamic dependencies]. Details - ImportResultOutputID=7b85633e6496932ecb179d09cacf6d11 DependenciesID=aa19d9e66face41f4a0449240dc9cb78 StaticDependenciesID=013d9474729182341ea0a28ab5e65cc1 
Number of updated asset objects reloaded before import = 0Number of asset objects unloaded after import = 1

========================================================================
Received Import Request.
  Time since last request: 0.000047 seconds.
  path: Assets/WW2 Armed Forces Demo/Textures/Ha_Go/Ha_Go_AlbedoTransparency_1.png
  importAddress: Guid(1f93c746ac3bf77488f5fc8eaf1b2f35) Importer(2089858483,b0f066a214c2f5e87bad3c948f4d605d)
Start importing Assets/WW2 Armed Forces Demo/Textures/Ha_Go/Ha_Go_AlbedoTransparency_1.png using Guid(1f93c746ac3bf77488f5fc8eaf1b2f35) Importer(2089858483,b0f066a214c2f5e87bad3c948f4d605d) (ScriptedImporter) -> (Import Result ID: '3b3d5ec0748438e62703cdf43f2c6340') in 0.0709803 seconds [static and dynamic dependencies]. Details - ImportResultOutputID=5d5885760607f15680b8418b00cc0138 DependenciesID=9ebb073978a7e551c3d0e191e7835184 StaticDependenciesID=7dea7c7eb45ea559cbe1caec28665a6e 
Number of updated asset objects reloaded before import = 0Number of asset objects unloaded after import = 1

========================================================================
Received Import Request.
  Time since last request: 0.000053 seconds.
  path: Assets/WW2 Armed Forces Demo/Textures/SOMUA_S35/SOMUA_S35_AO.png
  importAddress: Guid(358aa40eb7d603f4aa0511b586ee6e11) Importer(2089858483,b0f066a214c2f5e87bad3c948f4d605d)
Start importing Assets/WW2 Armed Forces Demo/Textures/SOMUA_S35/SOMUA_S35_AO.png using Guid(358aa40eb7d603f4aa0511b586ee6e11) Importer(2089858483,b0f066a214c2f5e87bad3c948f4d605d) (ScriptedImporter) -> (Import Result ID: '9812bc83d8c3988fa29f17afee741164') in 0.0662388 seconds [static and dynamic dependencies]. Details - ImportResultOutputID=a6c7db0dc7ad0be38501e10865b224eb DependenciesID=9f86ef028324737147c3e29c876d6c35 StaticDependenciesID=f4904f65c238395e75c1ce1f33742a82 
Number of updated asset objects reloaded before import = 0Number of asset objects unloaded after import = 1

========================================================================
Received Import Request.
  Time since last request: 0.000055 seconds.
  path: Assets/WW2 Armed Forces Demo/Textures/M5A1_Stuart/M5A1_Stuart_Metallic.png
  importAddress: Guid(407aace9849fb574984d359e7a2e88e9) Importer(2089858483,b0f066a214c2f5e87bad3c948f4d605d)
Start importing Assets/WW2 Armed Forces Demo/Textures/M5A1_Stuart/M5A1_Stuart_Metallic.png using Guid(407aace9849fb574984d359e7a2e88e9) Importer(2089858483,b0f066a214c2f5e87bad3c948f4d605d) (ScriptedImporter) -> (Import Result ID: 'e0ae6538f7932a2ae4702ac18d9f205c') in 0.1267934 seconds [static and dynamic dependencies]. Details - ImportResultOutputID=926f7137a9da767ae996fe190ed4156c DependenciesID=3dbd189428604bbea00f333d87631538 StaticDependenciesID=fef516fc139cd1da437bd61f2776232c 
Number of updated asset objects reloaded before import = 0Number of asset objects unloaded after import = 1

========================================================================
Received Import Request.
  Time since last request: 0.000051 seconds.
  path: Assets/WW2 Armed Forces Demo/Prefabs/Chi_Ha.prefab
  importAddress: Guid(6b0b29e0168b61c4ab830ad250f7bf62) Importer(2089858483,b0f066a214c2f5e87bad3c948f4d605d)
Start importing Assets/WW2 Armed Forces Demo/Prefabs/Chi_Ha.prefab using Guid(6b0b29e0168b61c4ab830ad250f7bf62) Importer(2089858483,b0f066a214c2f5e87bad3c948f4d605d) (ScriptedImporter) -> (Import Result ID: '9b27afe6059ab16ccb90a4764d37bce9') in 0.0883629 seconds [static and dynamic dependencies]. Details - ImportResultOutputID=b2c26086cf24bb6598675a552533df6d DependenciesID=6df81f2f3c9f4a1c3b125d645d9d2d38 StaticDependenciesID=f710c0050fc1e19b0e1ae77b2213891e 
Number of updated asset objects reloaded before import = 0Number of asset objects unloaded after import = 157

========================================================================
Received Import Request.
  Time since last request: 0.000060 seconds.
  path: Assets/WW2 Armed Forces Demo/Textures/Renault_ZB/Renault_ZB_Normal.png
  importAddress: Guid(4d818ee0da8c1a94795f753f3cac9260) Importer(2089858483,b0f066a214c2f5e87bad3c948f4d605d)
Start importing Assets/WW2 Armed Forces Demo/Textures/Renault_ZB/Renault_ZB_Normal.png using Guid(4d818ee0da8c1a94795f753f3cac9260) Importer(2089858483,b0f066a214c2f5e87bad3c948f4d605d) (ScriptedImporter) -> (Import Result ID: '04eb15d1e5a7353afb5f52c01cb723e0') in 0.0562588 seconds [static and dynamic dependencies]. Details - ImportResultOutputID=0e874c651017f40fb7fb9df23e5c180d DependenciesID=4887d7bdf0039dfca572aeff249a6618 StaticDependenciesID=3957294a58bf3151db4e30e954fac0e2 
Number of updated asset objects reloaded before import = 0Number of asset objects unloaded after import = 1

========================================================================
Received Import Request.
  Time since last request: 0.000069 seconds.
  path: Assets/WW2 Armed Forces Demo/Textures/Cromwell_IV/Cromwell_IV_Normal.png
  importAddress: Guid(7b6274a8bd0cae945aead9db319552d7) Importer(2089858483,b0f066a214c2f5e87bad3c948f4d605d)
Start importing Assets/WW2 Armed Forces Demo/Textures/Cromwell_IV/Cromwell_IV_Normal.png using Guid(7b6274a8bd0cae945aead9db319552d7) Importer(2089858483,b0f066a214c2f5e87bad3c948f4d605d) (ScriptedImporter) -> (Import Result ID: '1332acf3e0df80ae21294d5bee849ed3') in 0.0721823 seconds [static and dynamic dependencies]. Details - ImportResultOutputID=ce05fcfc562f7b7b93e087a1b1e59038 DependenciesID=479e4c370b191a1474c7deeaa0f8ae11 StaticDependenciesID=c7fa6701bd979abdb58c11391121f67b 
Number of updated asset objects reloaded before import = 0Number of asset objects unloaded after import = 1

========================================================================
Received Import Request.
  Time since last request: 0.000055 seconds.
  path: Assets/WW2 Armed Forces Demo/Textures/Vickers_Mk_E_Type_B/Vickers_Mk_E_Type_B_AO.png
  importAddress: Guid(cde912338f6bf2042b192dc55f9cf597) Importer(2089858483,b0f066a214c2f5e87bad3c948f4d605d)
Start importing Assets/WW2 Armed Forces Demo/Textures/Vickers_Mk_E_Type_B/Vickers_Mk_E_Type_B_AO.png using Guid(cde912338f6bf2042b192dc55f9cf597) Importer(2089858483,b0f066a214c2f5e87bad3c948f4d605d) (ScriptedImporter) -> (Import Result ID: '52b62e1bb36236d06feef4ee1beeb808') in 0.0511433 seconds [static and dynamic dependencies]. Details - ImportResultOutputID=9e7e4f53be33f6b71506450b641d9b2f DependenciesID=386a24e6afc12a8ae2a9b7a60621db74 StaticDependenciesID=50d196a8b6b095374e9a4a25af0e2e5a 
Number of updated asset objects reloaded before import = 0Number of asset objects unloaded after import = 1

========================================================================
Received Import Request.
  Time since last request: 0.000034 seconds.
  path: Assets/WW2 Armed Forces Demo/Textures/KV_2(1940)/KV_2(1940)_Normal.png
  importAddress: Guid(927080014d747164a9109e359102d473) Importer(2089858483,b0f066a214c2f5e87bad3c948f4d605d)
Start importing Assets/WW2 Armed Forces Demo/Textures/KV_2(1940)/KV_2(1940)_Normal.png using Guid(927080014d747164a9109e359102d473) Importer(2089858483,b0f066a214c2f5e87bad3c948f4d605d) (ScriptedImporter) -> (Import Result ID: '55cca6680c631065b645c8c52b64a902') in 0.0753748 seconds [static and dynamic dependencies]. Details - ImportResultOutputID=cdac56ff28e7f74ce2ed7afe15536d14 DependenciesID=8404e69f82900b9630d053a89c00a32f StaticDependenciesID=fb12234a7d8fcb55aff966305a33351b 
Number of updated asset objects reloaded before import = 0Number of asset objects unloaded after import = 1

========================================================================
Received Import Request.
  Time since last request: 0.000077 seconds.
  path: Assets/WW2 Armed Forces Demo/Scripts/Scroll_Track.cs
  importAddress: Guid(775fefb26cc024d4a939e180464ded6b) Importer(2089858483,b0f066a214c2f5e87bad3c948f4d605d)
Start importing Assets/WW2 Armed Forces Demo/Scripts/Scroll_Track.cs using Guid(775fefb26cc024d4a939e180464ded6b) Importer(2089858483,b0f066a214c2f5e87bad3c948f4d605d) (ScriptedImporter) -> (Import Result ID: '114f3112e75f40c6748b1d8050688806') in 0.0371677 seconds [static and dynamic dependencies]. Details - ImportResultOutputID=67c7d878e4156e31ecfa47284d3c7cef DependenciesID=70f1d87af309afb2b08f7473650dbd17 StaticDependenciesID=4b644c5f3066526176c688a71dcbb8d8 
Number of updated asset objects reloaded before import = 0Number of asset objects unloaded after import = 0

========================================================================
Received Import Request.
  Time since last request: 0.000130 seconds.
  path: Assets/WW2 Armed Forces Demo/Materials/Tanks/Chi_Ha.mat
  importAddress: Guid(59d60f6360542e149b6cd2a2c273023f) Importer(2089858483,b0f066a214c2f5e87bad3c948f4d605d)
Start importing Assets/WW2 Armed Forces Demo/Materials/Tanks/Chi_Ha.mat using Guid(59d60f6360542e149b6cd2a2c273023f) Importer(2089858483,b0f066a214c2f5e87bad3c948f4d605d) (ScriptedImporter) -> (Import Result ID: '885677c5d0b3b656de7acd3d8a1d736f') in 0.0569343 seconds [static and dynamic dependencies]. Details - ImportResultOutputID=849aa7e8efca8f77ef625d9561c23876 DependenciesID=584b51afcc6d4eba7b0716cf68d6bc1f StaticDependenciesID=3a7e2472be9f01dc38f956af5dbde45d 
Number of updated asset objects reloaded before import = 0Number of asset objects unloaded after import = 1

========================================================================
Received Import Request.
  Time since last request: 0.000060 seconds.
  path: Assets/WW2 Armed Forces Demo/Textures/Chi_Ha/Chi_Ha_AlbedoTransparency_1.png
  importAddress: Guid(c8a859d1bac90c64c8e8d6b4d89ac5fa) Importer(2089858483,b0f066a214c2f5e87bad3c948f4d605d)
Start importing Assets/WW2 Armed Forces Demo/Textures/Chi_Ha/Chi_Ha_AlbedoTransparency_1.png using Guid(c8a859d1bac90c64c8e8d6b4d89ac5fa) Importer(2089858483,b0f066a214c2f5e87bad3c948f4d605d) (ScriptedImporter) -> (Import Result ID: '8d490dab13875801decfb6fa00dcb0a5') in 0.0841979 seconds [static and dynamic dependencies]. Details - ImportResultOutputID=77eb176604d0f0580b55b807ae9d7d27 DependenciesID=253d472e261017bb9fceb7c9e6f38c1c StaticDependenciesID=781722b04fe524da66ed94e1ce54ec1d 
Number of updated asset objects reloaded before import = 0Number of asset objects unloaded after import = 1

========================================================================
Received Import Request.
  Time since last request: 0.000114 seconds.
  path: Assets/WW2 Armed Forces Demo/Materials/Tanks/E_50.mat
  importAddress: Guid(f5ea9fada4e79dc428728a22796421aa) Importer(2089858483,b0f066a214c2f5e87bad3c948f4d605d)
Start importing Assets/WW2 Armed Forces Demo/Materials/Tanks/E_50.mat using Guid(f5ea9fada4e79dc428728a22796421aa) Importer(2089858483,b0f066a214c2f5e87bad3c948f4d605d) (ScriptedImporter) -> (Import Result ID: '368b4efb1881613ff3dc432c98e7bc64') in 0.0528274 seconds [static and dynamic dependencies]. Details - ImportResultOutputID=cbc8158d673c7e58a0617ac83535ac3c DependenciesID=a705c6e5334f65960a886179fc024490 StaticDependenciesID=3621895cf6d14bbdf42af4224284c629 
Number of updated asset objects reloaded before import = 0Number of asset objects unloaded after import = 1

========================================================================
Received Import Request.
  Time since last request: 0.000046 seconds.
  path: Assets/WW2 Armed Forces Demo/Textures/T_34_76(1942)/T_34_76(1942)_AlbedoTransparency_1.png
  importAddress: Guid(bb3ad5f719c9bf64dae9ef8210a825ed) Importer(2089858483,b0f066a214c2f5e87bad3c948f4d605d)
Start importing Assets/WW2 Armed Forces Demo/Textures/T_34_76(1942)/T_34_76(1942)_AlbedoTransparency_1.png using Guid(bb3ad5f719c9bf64dae9ef8210a825ed) Importer(2089858483,b0f066a214c2f5e87bad3c948f4d605d) (ScriptedImporter) -> (Import Result ID: '29ec042e3ba1d1728bb9524efd00990a') in 0.0987833 seconds [static and dynamic dependencies]. Details - ImportResultOutputID=4e1ff9ddc2996ebc8c733a80cc006992 DependenciesID=44741bb4400f1e590325ae8dca81e93c StaticDependenciesID=3737441a2c1ec2488d92e9951a63cbbe 
Number of updated asset objects reloaded before import = 0Number of asset objects unloaded after import = 1

========================================================================
Received Import Request.
  Time since last request: 0.000083 seconds.
  path: Assets/WW2 Armed Forces Demo/Textures/Ha_Go
  importAddress: Guid(c63585e57b8ba3a4e9c72ebe564420ca) Importer(2089858483,b0f066a214c2f5e87bad3c948f4d605d)
Start importing Assets/WW2 Armed Forces Demo/Textures/Ha_Go using Guid(c63585e57b8ba3a4e9c72ebe564420ca) Importer(2089858483,b0f066a214c2f5e87bad3c948f4d605d) (ScriptedImporter) -> (Import Result ID: 'eeef137b388b225243b662c9669be890') in 0.0320486 seconds [static and dynamic dependencies]. Details - ImportResultOutputID=42277b9c270d77bf3bc650665a1efac2 DependenciesID=69b45e7d3922235d651f8f50bb381310 StaticDependenciesID=c78f9340213fb36e5369813de808667b 
Number of updated asset objects reloaded before import = 0Number of asset objects unloaded after import = 1

========================================================================
Received Import Request.
  Time since last request: 0.000064 seconds.
  path: Assets/WW2 Armed Forces Demo/Textures/T_34_76(1942)
  importAddress: Guid(082e783e414af0d48b1f0fc829b8ec6b) Importer(2089858483,b0f066a214c2f5e87bad3c948f4d605d)
Start importing Assets/WW2 Armed Forces Demo/Textures/T_34_76(1942) using Guid(082e783e414af0d48b1f0fc829b8ec6b) Importer(2089858483,b0f066a214c2f5e87bad3c948f4d605d) (ScriptedImporter) -> (Import Result ID: 'bffe395383d312d91e534dc0b92c7fe5') in 0.0253343 seconds [static and dynamic dependencies]. Details - ImportResultOutputID=d078089fe80912596d68f82a902698a4 DependenciesID=78502f8040a76df3919ccaf23a5a867c StaticDependenciesID=1003899139db5d26051001acb03775d5 
Number of updated asset objects reloaded before import = 0Number of asset objects unloaded after import = 1

========================================================================
Received Import Request.
  Time since last request: 0.000097 seconds.
  path: Assets/WW2 Armed Forces Demo/Prefabs/SOMUA_S35.prefab
  importAddress: Guid(1b29412902091814aaf3887729342d94) Importer(2089858483,b0f066a214c2f5e87bad3c948f4d605d)
Start importing Assets/WW2 Armed Forces Demo/Prefabs/SOMUA_S35.prefab using Guid(1b29412902091814aaf3887729342d94) Importer(2089858483,b0f066a214c2f5e87bad3c948f4d605d) (ScriptedImporter) -> (Import Result ID: 'c2987b53b7610fa1bd5570467df4bdaf') in 0.0742888 seconds [static and dynamic dependencies]. Details - ImportResultOutputID=e65af0d9ea37001a71b20787189f36f2 DependenciesID=3c0a0a068d2e8362158a154340b5d8b5 StaticDependenciesID=d854a2b09a0b145a8861a50e5b84271d 
Number of updated asset objects reloaded before import = 0Number of asset objects unloaded after import = 175

========================================================================
Received Import Request.
  Time since last request: 0.000062 seconds.
  path: Assets/WW2 Armed Forces Demo/Models/Panzer_II_F.fbx
  importAddress: Guid(bdd5e5aa77812524bbe7195c08d0d9df) Importer(2089858483,b0f066a214c2f5e87bad3c948f4d605d)
Start importing Assets/WW2 Armed Forces Demo/Models/Panzer_II_F.fbx using Guid(bdd5e5aa77812524bbe7195c08d0d9df) Importer(2089858483,b0f066a214c2f5e87bad3c948f4d605d) (ScriptedImporter) -> (Import Result ID: 'd8e3e32ee17baf93987cd0e631b064a9') in 0.1263901 seconds [static and dynamic dependencies]. Details - ImportResultOutputID=6d566c9574ce9984468179ff20ff53e5 DependenciesID=81ef6e4e0d8e24ab85e00c36d57c8845 StaticDependenciesID=1e570551edabeb96685fba30607694cb 
Number of updated asset objects reloaded before import = 0Number of asset objects unloaded after import = 152

========================================================================
Received Import Request.
  Time since last request: 0.000044 seconds.
  path: Assets/WW2 Armed Forces Demo/Textures/Carro_Armato_L6_40
  importAddress: Guid(a09225be63026a94e9d19d47795ccb8b) Importer(2089858483,b0f066a214c2f5e87bad3c948f4d605d)
Start importing Assets/WW2 Armed Forces Demo/Textures/Carro_Armato_L6_40 using Guid(a09225be63026a94e9d19d47795ccb8b) Importer(2089858483,b0f066a214c2f5e87bad3c948f4d605d) (ScriptedImporter) -> (Import Result ID: 'dab499c7a4483414bc36588132b7d7fe') in 0.0240388 seconds [static and dynamic dependencies]. Details - ImportResultOutputID=8b2426c7616a701e79a2001cd93ebb91 DependenciesID=1297c926c72731030ae7da47335a06e9 StaticDependenciesID=732a3797d1fe660cb5dc2990e12f64e4 
Number of updated asset objects reloaded before import = 0Number of asset objects unloaded after import = 1

========================================================================
Received Import Request.
  Time since last request: 0.000058 seconds.
  path: Assets/WW2 Armed Forces Demo/Textures/Vickers_Mk_E_Type_B/Vickers_Mk_E_Type_B_Normal.png
  importAddress: Guid(3edfd83c91afac14db23bbc20ecc0e80) Importer(2089858483,b0f066a214c2f5e87bad3c948f4d605d)
Start importing Assets/WW2 Armed Forces Demo/Textures/Vickers_Mk_E_Type_B/Vickers_Mk_E_Type_B_Normal.png using Guid(3edfd83c91afac14db23bbc20ecc0e80) Importer(2089858483,b0f066a214c2f5e87bad3c948f4d605d) (ScriptedImporter) -> (Import Result ID: '3484ce3cf550f52c287c27747aaac019') in 0.110908 seconds [static and dynamic dependencies]. Details - ImportResultOutputID=fbe9facad1a3dcc1e7cc47e5f2d2b170 DependenciesID=fc8f7c462dad22da04f3e8bd75a6c63f StaticDependenciesID=63c9bdf86f58446d0fd73f5125c83539 
Number of updated asset objects reloaded before import = 0Number of asset objects unloaded after import = 1

========================================================================
Received Import Request.
  Time since last request: 0.000056 seconds.
  path: Assets/WW2 Armed Forces Demo/Textures/Matilda_II/Matilda_II_AlbedoTransparency_1.png
  importAddress: Guid(5dc010ca73ed5fd4fbc2eff84c7d17bb) Importer(2089858483,b0f066a214c2f5e87bad3c948f4d605d)
Start importing Assets/WW2 Armed Forces Demo/Textures/Matilda_II/Matilda_II_AlbedoTransparency_1.png using Guid(5dc010ca73ed5fd4fbc2eff84c7d17bb) Importer(2089858483,b0f066a214c2f5e87bad3c948f4d605d) (ScriptedImporter) -> (Import Result ID: 'f563d6ec8fd4763f0212b83af98eb593') in 0.1305538 seconds [static and dynamic dependencies]. Details - ImportResultOutputID=3072a7aa8aca69db34cc6dd5a2f1b88b DependenciesID=055c88e6fda61b64ef287590803be06e StaticDependenciesID=c01145f3eb81d1b752f4923114aa0814 
Number of updated asset objects reloaded before import = 0Number of asset objects unloaded after import = 1

========================================================================
Received Import Request.
  Time since last request: 0.000065 seconds.
  path: Assets/WW2 Armed Forces Demo/Textures/Track/Track_AO.png
  importAddress: Guid(2d190d9693c05ad488758bb3b6a46eb4) Importer(2089858483,b0f066a214c2f5e87bad3c948f4d605d)
Start importing Assets/WW2 Armed Forces Demo/Textures/Track/Track_AO.png using Guid(2d190d9693c05ad488758bb3b6a46eb4) Importer(2089858483,b0f066a214c2f5e87bad3c948f4d605d) (ScriptedImporter) -> (Import Result ID: '8043b5f3bb8df606021be440799eb695') in 0.1665749 seconds [static and dynamic dependencies]. Details - ImportResultOutputID=a4f7065b45bb8247155ec3a8d333f782 DependenciesID=03c337d9143d9e5be98dd0c54fdca283 StaticDependenciesID=52aa922c14cc06bad3a2336419eb88ea 
Number of updated asset objects reloaded before import = 0Number of asset objects unloaded after import = 1

========================================================================
Received Import Request.
  Time since last request: 0.000074 seconds.
  path: Assets/WW2 Armed Forces Demo/Textures/M5A1_Stuart/M5A1_Stuart_AO.png
  importAddress: Guid(08ee3e2b90b36c9499130e6da7cd0ac9) Importer(2089858483,b0f066a214c2f5e87bad3c948f4d605d)
Start importing Assets/WW2 Armed Forces Demo/Textures/M5A1_Stuart/M5A1_Stuart_AO.png using Guid(08ee3e2b90b36c9499130e6da7cd0ac9) Importer(2089858483,b0f066a214c2f5e87bad3c948f4d605d) (ScriptedImporter) -> (Import Result ID: '8627fc4a9613a3cdf350040c4aac321b') in 0.1652185 seconds [static and dynamic dependencies]. Details - ImportResultOutputID=b9f711fd401c9c64aac6a638d7937644 DependenciesID=6592497175b60800e2b457daa46c71e7 StaticDependenciesID=3f6bfa52d157a5919360bd7e40c95c5c 
Number of updated asset objects reloaded before import = 0Number of asset objects unloaded after import = 1

========================================================================
Received Import Request.
  Time since last request: 0.000058 seconds.
  path: Assets/WW2 Armed Forces Demo/Materials/Tanks/Panzer_II_F.mat
  importAddress: Guid(d3a779cdaf0400a488529288edf376a6) Importer(2089858483,b0f066a214c2f5e87bad3c948f4d605d)
Start importing Assets/WW2 Armed Forces Demo/Materials/Tanks/Panzer_II_F.mat using Guid(d3a779cdaf0400a488529288edf376a6) Importer(2089858483,b0f066a214c2f5e87bad3c948f4d605d) (ScriptedImporter) -> (Import Result ID: 'de25b76e0e49f0fb7273de48c9d67916') in 0.7531581 seconds [static and dynamic dependencies]. Details - ImportResultOutputID=0c11e6178f371bc0fd84c4f724c67304 DependenciesID=b43564c02c9b1045c1cb51623b1e7a19 StaticDependenciesID=55cb2703a75f7163016458605cfcc5e9 
Number of updated asset objects reloaded before import = 0Number of asset objects unloaded after import = 1

========================================================================
Received Import Request.
  Time since last request: 0.000042 seconds.
  path: Assets/NewMonoBehaviourScript.cs
  importAddress: Guid(b2716a5bdea0a12499696f5854f8aa6a) Importer(2089858483,b0f066a214c2f5e87bad3c948f4d605d)
Start importing Assets/NewMonoBehaviourScript.cs using Guid(b2716a5bdea0a12499696f5854f8aa6a) Importer(2089858483,b0f066a214c2f5e87bad3c948f4d605d) (ScriptedImporter) -> (Import Result ID: 'b8a2e5c8b1c525df7b91d2d2543b11b1') in 0.0913783 seconds [static and dynamic dependencies]. Details - ImportResultOutputID=fd1345bcfc47c55e3ac0b85005fb6064 DependenciesID=7ccbf6faee6bf5ddfbf0614c45ec48c7 StaticDependenciesID=10347a582b22de4e866768f3b4b7b357 
Number of updated asset objects reloaded before import = 0Number of asset objects unloaded after import = 0

========================================================================
Received Import Request.
  Time since last request: 0.000175 seconds.
  path: Assets/WW2 Armed Forces Demo/Textures/E_50/Materials/E_50_Metallic.mat
  importAddress: Guid(1b10bf23f2949b74f9ee8bf6252708a5) Importer(2089858483,b0f066a214c2f5e87bad3c948f4d605d)
Start importing Assets/WW2 Armed Forces Demo/Textures/E_50/Materials/E_50_Metallic.mat using Guid(1b10bf23f2949b74f9ee8bf6252708a5) Importer(2089858483,b0f066a214c2f5e87bad3c948f4d605d) (ScriptedImporter) -> (Import Result ID: '704ed990bacaaa4a023e319859029047') in 0.695753 seconds [static and dynamic dependencies]. Details - ImportResultOutputID=3c181f2fffd336b95dd5b59ed9d07328 DependenciesID=023375c1fa69bd02ef696574d69df4ad StaticDependenciesID=9bfb212d7c280c6a3eba5249d22a9fd7 
Number of updated asset objects reloaded before import = 0Number of asset objects unloaded after import = 2

========================================================================
Received Import Request.
  Time since last request: 0.000026 seconds.
  path: Assets/WW2 Armed Forces Demo/Textures/Track/Materials/Track_AlbedoTransparency.mat
  importAddress: Guid(0881ca2646a676b48bc17631f525a296) Importer(2089858483,b0f066a214c2f5e87bad3c948f4d605d)
Start importing Assets/WW2 Armed Forces Demo/Textures/Track/Materials/Track_AlbedoTransparency.mat using Guid(0881ca2646a676b48bc17631f525a296) Importer(2089858483,b0f066a214c2f5e87bad3c948f4d605d) (ScriptedImporter) -> (Import Result ID: '7abc5739dd5f87402ce548425d50b3eb') in 0.1821769 seconds [static and dynamic dependencies]. Details - ImportResultOutputID=959ec5cf54dfe80b1ea3036fb3fa0bd1 DependenciesID=a913b87ab94abe7fe9f77957d2ca6df9 StaticDependenciesID=5cbe9e008582caeb2fa8fc23604f53d3 
Number of updated asset objects reloaded before import = 0Number of asset objects unloaded after import = 2

========================================================================
Received Import Request.
  Time since last request: 0.000052 seconds.
  path: Assets/WW2 Armed Forces Demo/Textures/Panzer_VI_E/Panzer_VI_E_AO.png
  importAddress: Guid(5f2e9f823acc1cc44a5b6948fe142872) Importer(2089858483,b0f066a214c2f5e87bad3c948f4d605d)
Start importing Assets/WW2 Armed Forces Demo/Textures/Panzer_VI_E/Panzer_VI_E_AO.png using Guid(5f2e9f823acc1cc44a5b6948fe142872) Importer(2089858483,b0f066a214c2f5e87bad3c948f4d605d) (ScriptedImporter) -> (Import Result ID: 'b5cd44702e7f68a78a0991ff140c0428') in 0.2366664 seconds [static and dynamic dependencies]. Details - ImportResultOutputID=c14e52a6f2e6ce807d004ea634068e41 DependenciesID=870265921ff16e2d9a78f7fac14d8a62 StaticDependenciesID=a5d6824449ca61c1534d75a6177afdec 
Number of updated asset objects reloaded before import = 0Number of asset objects unloaded after import = 1

========================================================================
Received Import Request.
  Time since last request: 0.000049 seconds.
  path: Assets/WW2 Armed Forces Demo/Prefabs/M5A1_Stuart.prefab
  importAddress: Guid(7aff9190f32585948a8d7838a859933a) Importer(2089858483,b0f066a214c2f5e87bad3c948f4d605d)
Start importing Assets/WW2 Armed Forces Demo/Prefabs/M5A1_Stuart.prefab using Guid(7aff9190f32585948a8d7838a859933a) Importer(2089858483,b0f066a214c2f5e87bad3c948f4d605d) (ScriptedImporter) -> (Import Result ID: '6a30783af57c7f61186ecaa1f54c7bbe') in 0.1911388 seconds [static and dynamic dependencies]. Details - ImportResultOutputID=391805568b7763b5d219a29b75122ee7 DependenciesID=c5b75c1d3cf1f8fa7853f2d4f0d99f75 StaticDependenciesID=11284df4f9a4b6c003fd53726cd3f745 
Number of updated asset objects reloaded before import = 0Number of asset objects unloaded after import = 139

========================================================================
Received Import Request.
  Time since last request: 0.000046 seconds.
  path: Assets/WW2 Armed Forces Demo/Models/Carro_Armato_M13_40.fbx
  importAddress: Guid(2d7ac3334bc653d40ac528cb566dad45) Importer(2089858483,b0f066a214c2f5e87bad3c948f4d605d)
Start importing Assets/WW2 Armed Forces Demo/Models/Carro_Armato_M13_40.fbx using Guid(2d7ac3334bc653d40ac528cb566dad45) Importer(2089858483,b0f066a214c2f5e87bad3c948f4d605d) (ScriptedImporter) -> (Import Result ID: '7aa312923f3172bfb5623543b26b361b') in 0.3317482 seconds [static and dynamic dependencies]. Details - ImportResultOutputID=1086c7410d3d8e6f0e8facd52b921ebf DependenciesID=6df2f7876487fa675cbe1127b9234dd6 StaticDependenciesID=0395c5ac352aa00c08353fcb346711f3 
Number of updated asset objects reloaded before import = 0Number of asset objects unloaded after import = 178

========================================================================
Received Import Request.
  Time since last request: 0.000039 seconds.
  path: Assets/WW2 Armed Forces Demo/Prefabs/T_34_76(1942).prefab
  importAddress: Guid(e911d50f20bf7884886fc60707684149) Importer(2089858483,b0f066a214c2f5e87bad3c948f4d605d)
Start importing Assets/WW2 Armed Forces Demo/Prefabs/T_34_76(1942).prefab using Guid(e911d50f20bf7884886fc60707684149) Importer(2089858483,b0f066a214c2f5e87bad3c948f4d605d) (ScriptedImporter) -> (Import Result ID: '4c0e3ce023ecd620f78f9c0d30d8bc06') in 0.6047285 seconds [static and dynamic dependencies]. Details - ImportResultOutputID=6a4ebe2ddccbeced2bae799e548db2c9 DependenciesID=5247fc60d5efabd22cb0a4f133abd663 StaticDependenciesID=4cc71cd6854e8b0061eda8461a28a0fe 
Number of updated asset objects reloaded before import = 0Number of asset objects unloaded after import = 213

========================================================================
Received Import Request.
  Time since last request: 0.000039 seconds.
  path: Assets/WW2 Armed Forces Demo/Textures/T_34_76(1942)/T_34_76(1942)_Normal.png
  importAddress: Guid(790c3225562789c4b8faa6f46d881243) Importer(2089858483,b0f066a214c2f5e87bad3c948f4d605d)
Start importing Assets/WW2 Armed Forces Demo/Textures/T_34_76(1942)/T_34_76(1942)_Normal.png using Guid(790c3225562789c4b8faa6f46d881243) Importer(2089858483,b0f066a214c2f5e87bad3c948f4d605d) (ScriptedImporter) -> (Import Result ID: '83f9e3502e10bf7f249bf0f1079bdc4b') in 0.1003781 seconds [static and dynamic dependencies]. Details - ImportResultOutputID=d447368eb30a36b5ba998c92a38ad2c1 DependenciesID=bbeec00208af82c1404f4133c630adee StaticDependenciesID=0ac41d5d513248486ca4ff3edaed1621 
Number of updated asset objects reloaded before import = 0Number of asset objects unloaded after import = 1

========================================================================
Received Import Request.
  Time since last request: 0.000102 seconds.
  path: Assets/WW2 Armed Forces Demo/Textures/E_50
  importAddress: Guid(40d7a1fab96a4c942ad41a4867f4229e) Importer(2089858483,b0f066a214c2f5e87bad3c948f4d605d)
Start importing Assets/WW2 Armed Forces Demo/Textures/E_50 using Guid(40d7a1fab96a4c942ad41a4867f4229e) Importer(2089858483,b0f066a214c2f5e87bad3c948f4d605d) (ScriptedImporter) -> (Import Result ID: 'fea78b1a851e705f2728619691d82a95') in 0.0394421 seconds [static and dynamic dependencies]. Details - ImportResultOutputID=421b9b00656476c7d2457dc2bc789362 DependenciesID=eef3977f6a125459a0da9df614697440 StaticDependenciesID=f4febe0943dc8002a7592835c078fc82 
Number of updated asset objects reloaded before import = 0Number of asset objects unloaded after import = 1

========================================================================
Received Import Request.
  Time since last request: 0.000134 seconds.
  path: Assets/WW2 Armed Forces Demo/Models/E_50.fbx
  importAddress: Guid(e8ce476979419fa40b1228f4f1292c40) Importer(2089858483,b0f066a214c2f5e87bad3c948f4d605d)
Start importing Assets/WW2 Armed Forces Demo/Models/E_50.fbx using Guid(e8ce476979419fa40b1228f4f1292c40) Importer(2089858483,b0f066a214c2f5e87bad3c948f4d605d) (ScriptedImporter) -> (Import Result ID: 'c1dd16bc7299ad5c4c7f52336e9d5143') in 0.4457287 seconds [static and dynamic dependencies]. Details - ImportResultOutputID=0b6df561631910a8479b1596d8ec18a7 DependenciesID=a854daf9c97996cb543cb5d79d6e0c9f StaticDependenciesID=0c94916fed2d21fe9823ffc44a044665 
Number of updated asset objects reloaded before import = 0Number of asset objects unloaded after import = 124

========================================================================
Received Import Request.
  Time since last request: 0.000034 seconds.
  path: Assets/WW2 Armed Forces Demo/Prefabs/Carro_Armato_L6_40.prefab
  importAddress: Guid(6df639913147c224ea5b9ceda94435ae) Importer(2089858483,b0f066a214c2f5e87bad3c948f4d605d)
Start importing Assets/WW2 Armed Forces Demo/Prefabs/Carro_Armato_L6_40.prefab using Guid(6df639913147c224ea5b9ceda94435ae) Importer(2089858483,b0f066a214c2f5e87bad3c948f4d605d) (ScriptedImporter) -> (Import Result ID: '07ef3bc0349b2ddd254632e7624e7402') in 0.2302171 seconds [static and dynamic dependencies]. Details - ImportResultOutputID=0bc2b77e9850c35d25abfcb74ca06583 DependenciesID=e0c681a88e14fd0e68452f27ebb80a42 StaticDependenciesID=f48c0305fd3423212223c648a39ca808 
Number of updated asset objects reloaded before import = 0Number of asset objects unloaded after import = 133

========================================================================
Received Import Request.
  Time since last request: 0.000046 seconds.
  path: Assets/WW2 Armed Forces Demo/Textures/Hotchkiss_H35/Hotchkiss_H35_Metallic.png
  importAddress: Guid(1359c4a123cdd8e4492e0961e548a284) Importer(2089858483,b0f066a214c2f5e87bad3c948f4d605d)
Start importing Assets/WW2 Armed Forces Demo/Textures/Hotchkiss_H35/Hotchkiss_H35_Metallic.png using Guid(1359c4a123cdd8e4492e0961e548a284) Importer(2089858483,b0f066a214c2f5e87bad3c948f4d605d) (ScriptedImporter) -> (Import Result ID: '9c7e773a32ede70ea3e0448afc87d543') in 0.130796 seconds [static and dynamic dependencies]. Details - ImportResultOutputID=85eb9ddfb9daefd19c8a4e70c009cfe0 DependenciesID=47fabd4dd6fd6aa9421576c2fb0a64b5 StaticDependenciesID=e06dcd4bb656b66ac17adeb453f976d4 
Number of updated asset objects reloaded before import = 0Number of asset objects unloaded after import = 1

========================================================================
Received Import Request.
  Time since last request: 0.000043 seconds.
  path: Assets/WW2 Armed Forces Demo/Prefabs/M4A3(75)_Sherman.prefab
  importAddress: Guid(ad899c9168e7f5c4db7f2447350a5249) Importer(2089858483,b0f066a214c2f5e87bad3c948f4d605d)
Start importing Assets/WW2 Armed Forces Demo/Prefabs/M4A3(75)_Sherman.prefab using Guid(ad899c9168e7f5c4db7f2447350a5249) Importer(2089858483,b0f066a214c2f5e87bad3c948f4d605d) (ScriptedImporter) -> (Import Result ID: '86d9d64416c6a337e06078669dbd97d9') in 0.1138468 seconds [static and dynamic dependencies]. Details - ImportResultOutputID=b8e5c963179d3047e52995b12c52e481 DependenciesID=991c516d515ff095d116907ce63b5baa StaticDependenciesID=c66f296aa237b06f10b8ee1e250fe065 
Number of updated asset objects reloaded before import = 0Number of asset objects unloaded after import = 159

========================================================================
Received Import Request.
  Time since last request: 0.000039 seconds.
  path: Assets/WW2 Armed Forces Demo/Textures/Panzer_VI_E/Panzer_VI_E_Normal.png
  importAddress: Guid(e8e3bb6f0cc942b4ba8cd39ced98b3bc) Importer(2089858483,b0f066a214c2f5e87bad3c948f4d605d)
Start importing Assets/WW2 Armed Forces Demo/Textures/Panzer_VI_E/Panzer_VI_E_Normal.png using Guid(e8e3bb6f0cc942b4ba8cd39ced98b3bc) Importer(2089858483,b0f066a214c2f5e87bad3c948f4d605d) (ScriptedImporter) -> (Import Result ID: '0eb845fb6135c62665ea33c19647aad5') in 0.2181965 seconds [static and dynamic dependencies]. Details - ImportResultOutputID=6b76cae0b85d392976c6af013292d045 DependenciesID=9ff422856a84fe41ab457281a77ccf23 StaticDependenciesID=a99083c5a57ac7b3c24779aee991548c 
Number of updated asset objects reloaded before import = 0Number of asset objects unloaded after import = 1

========================================================================
Received Import Request.
  Time since last request: 0.000083 seconds.
  path: Assets/WW2 Armed Forces Demo/Models
  importAddress: Guid(d6de6109622423144a512c3653010505) Importer(2089858483,b0f066a214c2f5e87bad3c948f4d605d)
Start importing Assets/WW2 Armed Forces Demo/Models using Guid(d6de6109622423144a512c3653010505) Importer(2089858483,b0f066a214c2f5e87bad3c948f4d605d) (ScriptedImporter) -> (Import Result ID: '53decc007a78c8ea2a0d3841a01958b9') in 0.0175493 seconds [static and dynamic dependencies]. Details - ImportResultOutputID=b4adf44ab8fb8144a9a5fcc44408758b DependenciesID=99ad0e1a052bb6f3cfe5ffe02b8b9c34 StaticDependenciesID=24f40ce5c2325acf11b167bc3a8461a0 
Number of updated asset objects reloaded before import = 0Number of asset objects unloaded after import = 1

========================================================================
Received Import Request.
  Time since last request: 0.000072 seconds.
  path: Assets/WW2 Armed Forces Demo/Textures/E_50/E_50_AlbedoTransparency_1.png
  importAddress: Guid(1b94964f642e6a0489a5ec950c1ba0f8) Importer(2089858483,b0f066a214c2f5e87bad3c948f4d605d)
Start importing Assets/WW2 Armed Forces Demo/Textures/E_50/E_50_AlbedoTransparency_1.png using Guid(1b94964f642e6a0489a5ec950c1ba0f8) Importer(2089858483,b0f066a214c2f5e87bad3c948f4d605d) (ScriptedImporter) -> (Import Result ID: '9034cec5ea6d28ce8436d7b1ce40ed5d') in 0.1144406 seconds [static and dynamic dependencies]. Details - ImportResultOutputID=2814246ce75a36f684bda361577012cc DependenciesID=6e1e2783da45621d4491b86153478651 StaticDependenciesID=bff551ef39120c74c4464c7b705af6c9 
Number of updated asset objects reloaded before import = 0Number of asset objects unloaded after import = 1

========================================================================
Received Import Request.
  Time since last request: 0.000115 seconds.
  path: Assets/WW2 Armed Forces Demo/Textures/M4A3(75)_Sherman/M4A3(75)_Sherman_AO.png
  importAddress: Guid(410499e66ed0f5f46b4c99e8e975cd7f) Importer(2089858483,b0f066a214c2f5e87bad3c948f4d605d)
Start importing Assets/WW2 Armed Forces Demo/Textures/M4A3(75)_Sherman/M4A3(75)_Sherman_AO.png using Guid(410499e66ed0f5f46b4c99e8e975cd7f) Importer(2089858483,b0f066a214c2f5e87bad3c948f4d605d) (ScriptedImporter) -> (Import Result ID: '6dab700ccfdfd97265d87ef1cad0aaa7') in 0.1628107 seconds [static and dynamic dependencies]. Details - ImportResultOutputID=6aa1cdabc99d7a04f9edf4fced92c2a3 DependenciesID=0bde997e210bd36d221fc3454efb1492 StaticDependenciesID=b48e4568383ec4d811a321dcfbf035c6 
Number of updated asset objects reloaded before import = 0Number of asset objects unloaded after import = 1

========================================================================
Received Import Request.
  Time since last request: 0.000047 seconds.
  path: Assets/WW2 Armed Forces Demo/Textures/M4A3(75)_Sherman/M4A3(75)_Sherman_Metallic.png
  importAddress: Guid(6b291707dff86a348b17e225ed9a2004) Importer(2089858483,b0f066a214c2f5e87bad3c948f4d605d)
Start importing Assets/WW2 Armed Forces Demo/Textures/M4A3(75)_Sherman/M4A3(75)_Sherman_Metallic.png using Guid(6b291707dff86a348b17e225ed9a2004) Importer(2089858483,b0f066a214c2f5e87bad3c948f4d605d) (ScriptedImporter) -> (Import Result ID: '2706629451c54eef6b8483f54fb6a512') in 0.1357839 seconds [static and dynamic dependencies]. Details - ImportResultOutputID=b770f8298de265641fe2525aa8842b73 DependenciesID=2a734ecfde0445df7471e066012aea21 StaticDependenciesID=2eab7be89be8dcc54a24fab5dbb8423d 
Number of updated asset objects reloaded before import = 0Number of asset objects unloaded after import = 1

========================================================================
Received Import Request.
  Time since last request: 0.000178 seconds.
  path: Assets/WW2 Armed Forces Demo/Textures/E_50/Materials
  importAddress: Guid(fc0e37a007f3de44688600ca8f76dcbc) Importer(2089858483,b0f066a214c2f5e87bad3c948f4d605d)
Start importing Assets/WW2 Armed Forces Demo/Textures/E_50/Materials using Guid(fc0e37a007f3de44688600ca8f76dcbc) Importer(2089858483,b0f066a214c2f5e87bad3c948f4d605d) (ScriptedImporter) -> (Import Result ID: 'f8eed48abf3c8f53a7699c42da19520a') in 0.0267045 seconds [static and dynamic dependencies]. Details - ImportResultOutputID=46e155462a61824fdea84359ba641af4 DependenciesID=cd21b9bcfac064d711a6e377eed4f729 StaticDependenciesID=58f2f495c43d9cf9aedfa2a4f0316f4a 
Number of updated asset objects reloaded before import = 0Number of asset objects unloaded after import = 1

========================================================================
Received Import Request.
  Time since last request: 0.000075 seconds.
  path: Assets/WW2 Armed Forces Demo/Textures/Carro_Armato_L6_40/Carro_Armato_L6_40_Normal.png
  importAddress: Guid(e8b28704766497f46b70c2e6c3ef262a) Importer(2089858483,b0f066a214c2f5e87bad3c948f4d605d)
Start importing Assets/WW2 Armed Forces Demo/Textures/Carro_Armato_L6_40/Carro_Armato_L6_40_Normal.png using Guid(e8b28704766497f46b70c2e6c3ef262a) Importer(2089858483,b0f066a214c2f5e87bad3c948f4d605d) (ScriptedImporter) -> (Import Result ID: '97c397c3053f8848d908b9f272666847') in 0.2925262 seconds [static and dynamic dependencies]. Details - ImportResultOutputID=93248db05cd510d3f97826bd0dd5ba1d DependenciesID=36e06dfce29c3738f062b4b17b972218 StaticDependenciesID=25822e7db5057d48ee79e555d966ffe4 
Number of updated asset objects reloaded before import = 0Number of asset objects unloaded after import = 1

========================================================================
Received Import Request.
  Time since last request: 0.000063 seconds.
  path: Assets/WW2 Armed Forces Demo/Textures/Carro_Armato_L6_40/Carro_Armato_L6_40_AO.png
  importAddress: Guid(7a1fdfd6a3687ce4b8e366ec833b83dc) Importer(2089858483,b0f066a214c2f5e87bad3c948f4d605d)
Start importing Assets/WW2 Armed Forces Demo/Textures/Carro_Armato_L6_40/Carro_Armato_L6_40_AO.png using Guid(7a1fdfd6a3687ce4b8e366ec833b83dc) Importer(2089858483,b0f066a214c2f5e87bad3c948f4d605d) (ScriptedImporter) -> (Import Result ID: '588bbe7d00d107d01b97d5457c5bc643') in 0.0923438 seconds [static and dynamic dependencies]. Details - ImportResultOutputID=6d313ca660e3b69d157fc978582da87e DependenciesID=0db7e5f0a97a45d8d2e40dda8805e337 StaticDependenciesID=f422c14503c5c781514bbb4752a09004 
Number of updated asset objects reloaded before import = 0Number of asset objects unloaded after import = 1

========================================================================
Received Import Request.
  Time since last request: 0.000097 seconds.
  path: Assets/WW2 Armed Forces Demo/Textures/M4A3(75)_Sherman/M4A3(75)_Sherman_Normal.png
  importAddress: Guid(2d804dac73ac09a4580924a09b531bd0) Importer(2089858483,b0f066a214c2f5e87bad3c948f4d605d)
Start importing Assets/WW2 Armed Forces Demo/Textures/M4A3(75)_Sherman/M4A3(75)_Sherman_Normal.png using Guid(2d804dac73ac09a4580924a09b531bd0) Importer(2089858483,b0f066a214c2f5e87bad3c948f4d605d) (ScriptedImporter) -> (Import Result ID: 'f2e6ed0136da4ce0a765858761c9ec27') in 0.1649521 seconds [static and dynamic dependencies]. Details - ImportResultOutputID=32dcb0137b336334e047908abe8b9645 DependenciesID=e673b60e64b8519173e1bf215accd47d StaticDependenciesID=ddf9a008bdd4037787e4da2d08f3d5f7 
Number of updated asset objects reloaded before import = 0Number of asset objects unloaded after import = 1

========================================================================
Received Import Request.
  Time since last request: 0.000064 seconds.
  path: Assets/WW2 Armed Forces Demo/Textures/Matilda_II/Matilda_II_Metallic.png
  importAddress: Guid(aa7c37f3b16554640998ee51ac1b6c19) Importer(2089858483,b0f066a214c2f5e87bad3c948f4d605d)
Start importing Assets/WW2 Armed Forces Demo/Textures/Matilda_II/Matilda_II_Metallic.png using Guid(aa7c37f3b16554640998ee51ac1b6c19) Importer(2089858483,b0f066a214c2f5e87bad3c948f4d605d) (ScriptedImporter) -> (Import Result ID: '4580fee8a22e3b24c1aae98fea8db95d') in 0.1573361 seconds [static and dynamic dependencies]. Details - ImportResultOutputID=4e28691b2a8d8a321935ffb9d9dd8e8c DependenciesID=e04d9cfcf17b5295409bc45442b8315f StaticDependenciesID=03012a672312a1d40a7a2ae36370e206 
Number of updated asset objects reloaded before import = 0Number of asset objects unloaded after import = 1

========================================================================
Received Import Request.
  Time since last request: 0.000070 seconds.
  path: Assets/WW2 Armed Forces Demo/Textures/Ha_Go/Ha_Go_Normal.png
  importAddress: Guid(13819483f8fc38c48acb01b4eb119726) Importer(2089858483,b0f066a214c2f5e87bad3c948f4d605d)
Start importing Assets/WW2 Armed Forces Demo/Textures/Ha_Go/Ha_Go_Normal.png using Guid(13819483f8fc38c48acb01b4eb119726) Importer(2089858483,b0f066a214c2f5e87bad3c948f4d605d) (ScriptedImporter) -> (Import Result ID: '10252627319a4c0a0830d59187ba130b') in 0.1217158 seconds [static and dynamic dependencies]. Details - ImportResultOutputID=ff9ea586c0c5397cc8ddb71f5643b6b6 DependenciesID=7abbf3d16e5434ed887256a4b2ba77be StaticDependenciesID=414bfb7c265886523d247436a4162a38 
Number of updated asset objects reloaded before import = 0Number of asset objects unloaded after import = 1

========================================================================
Received Import Request.
  Time since last request: 0.000066 seconds.
  path: Assets/WW2 Armed Forces Demo/Textures/Vickers_Mk_E_Type_B/Vickers_Mk_E_Type_B_AlbedoTransparency_1.png
  importAddress: Guid(0b7c2a6336b772c4e89e68b1ed74c2b5) Importer(2089858483,b0f066a214c2f5e87bad3c948f4d605d)
Start importing Assets/WW2 Armed Forces Demo/Textures/Vickers_Mk_E_Type_B/Vickers_Mk_E_Type_B_AlbedoTransparency_1.png using Guid(0b7c2a6336b772c4e89e68b1ed74c2b5) Importer(2089858483,b0f066a214c2f5e87bad3c948f4d605d) (ScriptedImporter) -> (Import Result ID: '69fcdd2da6a217bec7bf2a1bc98cee8d') in 0.2166858 seconds [static and dynamic dependencies]. Details - ImportResultOutputID=646d10fa3064ba3b0010e7758d1ce6ac DependenciesID=457afc73d8f573475145ba056a8502bc StaticDependenciesID=c0a372dcf900e1dd06d9741865e4fa14 
Number of updated asset objects reloaded before import = 0Number of asset objects unloaded after import = 1

========================================================================
Received Import Request.
  Time since last request: 0.000136 seconds.
  path: Assets/WW2 Armed Forces Demo/Textures/Carro_Armato_M13_40/Carro_Armato_M13_40_AO.png
  importAddress: Guid(ae8b925e310949545b1ac99652865279) Importer(2089858483,b0f066a214c2f5e87bad3c948f4d605d)
Start importing Assets/WW2 Armed Forces Demo/Textures/Carro_Armato_M13_40/Carro_Armato_M13_40_AO.png using Guid(ae8b925e310949545b1ac99652865279) Importer(2089858483,b0f066a214c2f5e87bad3c948f4d605d) (ScriptedImporter) -> (Import Result ID: '8e18bd40714278c415d28e934fefd7f6') in 0.0637296 seconds [static and dynamic dependencies]. Details - ImportResultOutputID=ef9d4f1e4d9380f1b223f5c92a9b9454 DependenciesID=487937331e8cdd13478322b067943e63 StaticDependenciesID=dcb27d8a0f3a2f618915971fb6f01cc7 
Number of updated asset objects reloaded before import = 0Number of asset objects unloaded after import = 1

========================================================================
Received Import Request.
  Time since last request: 0.000068 seconds.
  path: Assets/WW2 Armed Forces Demo/Textures/Panzer_VI_E
  importAddress: Guid(258cb3255933df04cbdd40f40854a6f0) Importer(2089858483,b0f066a214c2f5e87bad3c948f4d605d)
Start importing Assets/WW2 Armed Forces Demo/Textures/Panzer_VI_E using Guid(258cb3255933df04cbdd40f40854a6f0) Importer(2089858483,b0f066a214c2f5e87bad3c948f4d605d) (ScriptedImporter) -> (Import Result ID: 'd2fbc85dcd4a4d40de527efd13089563') in 0.0195266 seconds [static and dynamic dependencies]. Details - ImportResultOutputID=18029dacd4ef5188fc7e981e32a5d487 DependenciesID=a31d84f094291e8d841f052d0034778e StaticDependenciesID=a2be2648924b8fc9be9dfe323978bcb4 
Number of updated asset objects reloaded before import = 0Number of asset objects unloaded after import = 1

========================================================================
Received Import Request.
  Time since last request: 0.000100 seconds.
  path: Assets/WW2 Armed Forces Demo/Textures/E_50/E_50_Normal.png
  importAddress: Guid(9c0228ee939ad5a4492d1d12b6bfab54) Importer(2089858483,b0f066a214c2f5e87bad3c948f4d605d)
Start importing Assets/WW2 Armed Forces Demo/Textures/E_50/E_50_Normal.png using Guid(9c0228ee939ad5a4492d1d12b6bfab54) Importer(2089858483,b0f066a214c2f5e87bad3c948f4d605d) (ScriptedImporter) -> (Import Result ID: '335d6490c1ea0b00df7f39577d3973b5') in 0.0442596 seconds [static and dynamic dependencies]. Details - ImportResultOutputID=e049764b98d83d36943a9a01a24c6f7e DependenciesID=e522bd88ea218e3bb95fb0aee11e9f47 StaticDependenciesID=f75182012ec22424dba35b0d5563c2a7 
Number of updated asset objects reloaded before import = 0Number of asset objects unloaded after import = 1

========================================================================
Received Prepare
Refreshing native plugins compatible for Editor in 3.04 ms, found 3 plugins.
Unloading 1 Unused Serialized files (Serialized files now loaded: 0)
Unloading 3788 unused Assets / (1.2 MB). Loaded Objects now: 4438.
Memory consumption went from 114.2 MB to 113.0 MB.
Total: 14.234900 ms (FindLiveObjects: 0.854800 ms CreateObjectMapping: 0.348600 ms MarkObjects: 10.804100 ms  DeleteObjects: 2.224500 ms)

Prepare: number of updated asset objects reloaded= 0
========================================================================
Received Import Request.
  Time since last request: 5.919667 seconds.
  path: Assets/WW2 Armed Forces Demo/Textures/Carro_Armato_L6_40/Carro_Armato_L6_40_Metallic.png
  importAddress: Guid(b17f107778107ff46947bb0b4b2688d5) Importer(2089858483,b0f066a214c2f5e87bad3c948f4d605d)
Start importing Assets/WW2 Armed Forces Demo/Textures/Carro_Armato_L6_40/Carro_Armato_L6_40_Metallic.png using Guid(b17f107778107ff46947bb0b4b2688d5) Importer(2089858483,b0f066a214c2f5e87bad3c948f4d605d) (ScriptedImporter) -> (Import Result ID: '915a4fc9935917a817169730c7258f5a') in 0.2282234 seconds [static and dynamic dependencies]. Details - ImportResultOutputID=e9c875b98706c719ac539a256e7afbe9 DependenciesID=b90d1de68a8f2f39333be55d6eaeca18 StaticDependenciesID=5695797530ac76785bda38aab88aec80 
Number of updated asset objects reloaded before import = 0Number of asset objects unloaded after import = 1

========================================================================
Received Import Request.
  Time since last request: 0.000037 seconds.
  path: Assets/WW2 Armed Forces Demo/Textures/Carro_Armato_M13_40/Carro_Armato_M13_40_AlbedoTransparency_1.png
  importAddress: Guid(4354278dc786f0a478bb84f712d18ee8) Importer(2089858483,b0f066a214c2f5e87bad3c948f4d605d)
Start importing Assets/WW2 Armed Forces Demo/Textures/Carro_Armato_M13_40/Carro_Armato_M13_40_AlbedoTransparency_1.png using Guid(4354278dc786f0a478bb84f712d18ee8) Importer(2089858483,b0f066a214c2f5e87bad3c948f4d605d) (ScriptedImporter) -> (Import Result ID: '7a05753e9dfe113dc8a18bfd450c2b6d') in 0.0799565 seconds [static and dynamic dependencies]. Details - ImportResultOutputID=fc1137b9ccf59f7d138186353866c20d DependenciesID=d4e35314750a5d7feadb8a6bf6a64a21 StaticDependenciesID=9d1522dfbeea9b4826aed8a708d03408 
Number of updated asset objects reloaded before import = 0Number of asset objects unloaded after import = 1

========================================================================
Received Import Request.
  Time since last request: 0.000045 seconds.
  path: Assets/WW2 Armed Forces Demo/Models/Matilda_II.fbx
  importAddress: Guid(e18b4c17ee23ba7428d5166af77f7837) Importer(2089858483,b0f066a214c2f5e87bad3c948f4d605d)
Start importing Assets/WW2 Armed Forces Demo/Models/Matilda_II.fbx using Guid(e18b4c17ee23ba7428d5166af77f7837) Importer(2089858483,b0f066a214c2f5e87bad3c948f4d605d) (ScriptedImporter) -> (Import Result ID: 'd04fac8e063be715c4206713b37b1d8c') in 0.114132 seconds [static and dynamic dependencies]. Details - ImportResultOutputID=20b93ee587f8ce55ceca020261f3a341 DependenciesID=17d27a1adf936eaea8d6e0ae3db8c463 StaticDependenciesID=aed23e358e48d767ddaad077533a5c56 
Number of updated asset objects reloaded before import = 0Number of asset objects unloaded after import = 174

========================================================================
Received Import Request.
  Time since last request: 0.000048 seconds.
  path: Assets/WW2 Armed Forces Demo/Textures/Cromwell_IV/Cromwell_IV_Metallic.png
  importAddress: Guid(8e4ff142d55bbbd4883a25528b60a43a) Importer(2089858483,b0f066a214c2f5e87bad3c948f4d605d)
Start importing Assets/WW2 Armed Forces Demo/Textures/Cromwell_IV/Cromwell_IV_Metallic.png using Guid(8e4ff142d55bbbd4883a25528b60a43a) Importer(2089858483,b0f066a214c2f5e87bad3c948f4d605d) (ScriptedImporter) -> (Import Result ID: '0cd41b2b5b520b0c3f04b43259e64989') in 0.1854371 seconds [static and dynamic dependencies]. Details - ImportResultOutputID=0dcf331ace5f50e1a80b894411cc8d71 DependenciesID=c6a714a2e14d586a9d50d5ac3b6af49a StaticDependenciesID=65ef0196bf8933a30aff21bf4539e7e9 
Number of updated asset objects reloaded before import = 0Number of asset objects unloaded after import = 1

========================================================================
Received Import Request.
  Time since last request: 0.000044 seconds.
  path: Assets/WW2 Armed Forces Demo/Textures/T_28_85/T_28_85_AO.png
  importAddress: Guid(20df669242477e44cb766f1c5b3aa7c5) Importer(2089858483,b0f066a214c2f5e87bad3c948f4d605d)
Start importing Assets/WW2 Armed Forces Demo/Textures/T_28_85/T_28_85_AO.png using Guid(20df669242477e44cb766f1c5b3aa7c5) Importer(2089858483,b0f066a214c2f5e87bad3c948f4d605d) (ScriptedImporter) -> (Import Result ID: 'e0633e5b6a212b227fb3d70febaf24d4') in 0.1922853 seconds [static and dynamic dependencies]. Details - ImportResultOutputID=40e681b697761830861856cb992fb702 DependenciesID=ab7d4d726f4ab623e0a72d749452ea59 StaticDependenciesID=ed2da6235090016b80e1bfb3c6afac5b 
Number of updated asset objects reloaded before import = 0Number of asset objects unloaded after import = 1

========================================================================
Received Import Request.
  Time since last request: 0.000031 seconds.
  path: Assets/WW2 Armed Forces Demo/Textures/Panzer_II_F/Panzer_II_F_AlbedoTransparency_1.png
  importAddress: Guid(3781dce73ca49f7459371c2336df6ffe) Importer(2089858483,b0f066a214c2f5e87bad3c948f4d605d)
Start importing Assets/WW2 Armed Forces Demo/Textures/Panzer_II_F/Panzer_II_F_AlbedoTransparency_1.png using Guid(3781dce73ca49f7459371c2336df6ffe) Importer(2089858483,b0f066a214c2f5e87bad3c948f4d605d) (ScriptedImporter) -> (Import Result ID: '645e0156771b082229d27cd3f799789b') in 0.3677802 seconds [static and dynamic dependencies]. Details - ImportResultOutputID=0301b7dd3b7c93ded87a3c860afb3e9f DependenciesID=b621f82bad25a529bdfb45f4a76c6a2d StaticDependenciesID=c10f5e8c495e5ef212aa3e71ece0b758 
Number of updated asset objects reloaded before import = 0Number of asset objects unloaded after import = 1

========================================================================
Received Import Request.
  Time since last request: 0.000046 seconds.
  path: Assets/WW2 Armed Forces Demo/Models/Renault_ZB.fbx
  importAddress: Guid(2e4505663b7abfe4dacfa7a619fdd1f4) Importer(2089858483,b0f066a214c2f5e87bad3c948f4d605d)
Start importing Assets/WW2 Armed Forces Demo/Models/Renault_ZB.fbx using Guid(2e4505663b7abfe4dacfa7a619fdd1f4) Importer(2089858483,b0f066a214c2f5e87bad3c948f4d605d) (ScriptedImporter) -> (Import Result ID: '871d8b6c5bcdecad4f20ab6444ae1493') in 0.5084551 seconds [static and dynamic dependencies]. Details - ImportResultOutputID=9d2be1b1f765de0a6ed2011ddc951872 DependenciesID=7b55ae9cbbb1779c1c46a315b034197c StaticDependenciesID=6f150b0d14010c6cff773cf8155eb2fe 
Number of updated asset objects reloaded before import = 0Number of asset objects unloaded after import = 140

========================================================================
Received Import Request.
  Time since last request: 0.000035 seconds.
  path: Assets/WW2 Armed Forces Demo/Scripts/Roll_Wheels.cs
  importAddress: Guid(40f29f726886a994296b10cf4cec479a) Importer(2089858483,b0f066a214c2f5e87bad3c948f4d605d)
Start importing Assets/WW2 Armed Forces Demo/Scripts/Roll_Wheels.cs using Guid(40f29f726886a994296b10cf4cec479a) Importer(2089858483,b0f066a214c2f5e87bad3c948f4d605d) (ScriptedImporter) -> (Import Result ID: '6cfa99d442b3c4360a24e5981c993845') in 0.0732391 seconds [static and dynamic dependencies]. Details - ImportResultOutputID=21758948cf3e589d5cdc2c5363daa9a2 DependenciesID=5bf036797abd8fa1af907f0e2a88ec8c StaticDependenciesID=8868291e3d34528f2ac12ac0f69c7d99 
Number of updated asset objects reloaded before import = 0Number of asset objects unloaded after import = 0

========================================================================
Received Import Request.
  Time since last request: 0.000053 seconds.
  path: Assets/WW2 Armed Forces Demo/Textures/Matilda_II/Matilda_II_AO.png
  importAddress: Guid(346dfd8326bf87d40bb96974a7af37e3) Importer(2089858483,b0f066a214c2f5e87bad3c948f4d605d)
Start importing Assets/WW2 Armed Forces Demo/Textures/Matilda_II/Matilda_II_AO.png using Guid(346dfd8326bf87d40bb96974a7af37e3) Importer(2089858483,b0f066a214c2f5e87bad3c948f4d605d) (ScriptedImporter) -> (Import Result ID: '1ca3d04d6f2909987e063f983eeff8aa') in 0.0657897 seconds [static and dynamic dependencies]. Details - ImportResultOutputID=85516790176a4c593d1d707b59042366 DependenciesID=9ff3e383b9a3fb0035069718e6547f18 StaticDependenciesID=274df1923e6705df05f44573c3248e8e 
Number of updated asset objects reloaded before import = 0Number of asset objects unloaded after import = 1

========================================================================
Received Import Request.
  Time since last request: 0.000051 seconds.
  path: Assets/WW2 Armed Forces Demo/Materials/Tanks/M5A1_Stuart.mat
  importAddress: Guid(11f613ad7305ada4cbe4c7fe949d072c) Importer(2089858483,b0f066a214c2f5e87bad3c948f4d605d)
Start importing Assets/WW2 Armed Forces Demo/Materials/Tanks/M5A1_Stuart.mat using Guid(11f613ad7305ada4cbe4c7fe949d072c) Importer(2089858483,b0f066a214c2f5e87bad3c948f4d605d) (ScriptedImporter) -> (Import Result ID: '51c3408a04838a2a36d3260de4b37603') in 0.1366628 seconds [static and dynamic dependencies]. Details - ImportResultOutputID=1a3024f376070f7c18bd38e7445dfccc DependenciesID=d39452c851dbdec8eff90b22e85903a1 StaticDependenciesID=a21b06df30f78b9e97c593a0d927c631 
Number of updated asset objects reloaded before import = 0Number of asset objects unloaded after import = 1

========================================================================
Received Import Request.
  Time since last request: 0.000108 seconds.
  path: Assets/WW2 Armed Forces Demo/Textures/Ha_Go/Ha_Go_Metallic.png
  importAddress: Guid(37f816c1cb26ff448a48470e7db978c0) Importer(2089858483,b0f066a214c2f5e87bad3c948f4d605d)
Start importing Assets/WW2 Armed Forces Demo/Textures/Ha_Go/Ha_Go_Metallic.png using Guid(37f816c1cb26ff448a48470e7db978c0) Importer(2089858483,b0f066a214c2f5e87bad3c948f4d605d) (ScriptedImporter) -> (Import Result ID: '8b30332445dea1cbc17e9afaaaf59f1f') in 0.2854999 seconds [static and dynamic dependencies]. Details - ImportResultOutputID=966fc9eccdf8556087bbc070cc1422e6 DependenciesID=c8d77a01682d61dced3aa2e03974eb13 StaticDependenciesID=a61e5b456384d5048a34610dd0b23648 
Number of updated asset objects reloaded before import = 0Number of asset objects unloaded after import = 1

========================================================================
Received Import Request.
  Time since last request: 0.000038 seconds.
  path: Assets/WW2 Armed Forces Demo/Prefabs/Ha_Go.prefab
  importAddress: Guid(5a3ffe14bfec95a44a8670b30c366479) Importer(2089858483,b0f066a214c2f5e87bad3c948f4d605d)
Start importing Assets/WW2 Armed Forces Demo/Prefabs/Ha_Go.prefab using Guid(5a3ffe14bfec95a44a8670b30c366479) Importer(2089858483,b0f066a214c2f5e87bad3c948f4d605d) (ScriptedImporter) -> (Import Result ID: 'd36ea62e052a9c2c6fc874bbddac2a0b') in 0.6033422 seconds [static and dynamic dependencies]. Details - ImportResultOutputID=604dfc194893ecff3d1d96dd282edbf2 DependenciesID=d17b129a61fca59612aa93198cca73a1 StaticDependenciesID=31a8e504e9f64e60b370393d2a24a3d0 
Number of updated asset objects reloaded before import = 0Number of asset objects unloaded after import = 125

========================================================================
Received Import Request.
  Time since last request: 0.000055 seconds.
  path: Assets/WW2 Armed Forces Demo/Textures/Hotchkiss_H35/Hotchkiss_H35_AlbedoTransparency_1.png
  importAddress: Guid(d4fa06d1a72ab864f8c16e5def096b79) Importer(2089858483,b0f066a214c2f5e87bad3c948f4d605d)
Start importing Assets/WW2 Armed Forces Demo/Textures/Hotchkiss_H35/Hotchkiss_H35_AlbedoTransparency_1.png using Guid(d4fa06d1a72ab864f8c16e5def096b79) Importer(2089858483,b0f066a214c2f5e87bad3c948f4d605d) (ScriptedImporter) -> (Import Result ID: 'dca2cc5cafc983fec8f9e7ad2be3271b') in 0.1561019 seconds [static and dynamic dependencies]. Details - ImportResultOutputID=62043108040cfbaa72cfaa719ff2714f DependenciesID=ba28afa2a28529569e0800e1e740309c StaticDependenciesID=7690d5457c034661cc721aa7cbdbf43c 
Number of updated asset objects reloaded before import = 0Number of asset objects unloaded after import = 1

========================================================================
Received Import Request.
  Time since last request: 0.000073 seconds.
  path: Assets/WW2 Armed Forces Demo/Textures/T_34_76(1942)/T_34_76(1942)_AO.png
  importAddress: Guid(be0ee22eae408474b96dc1ef6966f6ed) Importer(2089858483,b0f066a214c2f5e87bad3c948f4d605d)
Start importing Assets/WW2 Armed Forces Demo/Textures/T_34_76(1942)/T_34_76(1942)_AO.png using Guid(be0ee22eae408474b96dc1ef6966f6ed) Importer(2089858483,b0f066a214c2f5e87bad3c948f4d605d) (ScriptedImporter) -> (Import Result ID: 'c1d4fd658e996933737072855f587e12') in 0.1280237 seconds [static and dynamic dependencies]. Details - ImportResultOutputID=d0d14cbc58f0dda52b3e55828816a239 DependenciesID=e13023ac7b6270bd8aba80b9162922ce StaticDependenciesID=295db8eb12fa0141eada67738e73a63f 
Number of updated asset objects reloaded before import = 0Number of asset objects unloaded after import = 1

========================================================================
Received Import Request.
  Time since last request: 0.000035 seconds.
  path: Assets/WW2 Armed Forces Demo/Textures/Hotchkiss_H35/Hotchkiss_H35_Normal.png
  importAddress: Guid(ddb4a6a7d494df943b91eafec9aef062) Importer(2089858483,b0f066a214c2f5e87bad3c948f4d605d)
Start importing Assets/WW2 Armed Forces Demo/Textures/Hotchkiss_H35/Hotchkiss_H35_Normal.png using Guid(ddb4a6a7d494df943b91eafec9aef062) Importer(2089858483,b0f066a214c2f5e87bad3c948f4d605d) (ScriptedImporter) -> (Import Result ID: '9870d63ba5609973639bbf8983089368') in 0.3742267 seconds [static and dynamic dependencies]. Details - ImportResultOutputID=5f3d96bbaaaf7549e572e7e3fc977096 DependenciesID=99d71e5eb235e3f92c6b82f08bd6ad9b StaticDependenciesID=d2d7cac46828e2d011a8939c622df3c5 
Number of updated asset objects reloaded before import = 0Number of asset objects unloaded after import = 1

========================================================================
Received Import Request.
  Time since last request: 0.000072 seconds.
  path: Assets/WW2 Armed Forces Demo/Prefabs/Vickers_Mk_E_Type_B.prefab
  importAddress: Guid(4a7e113a41402ea4685683f8826df67c) Importer(2089858483,b0f066a214c2f5e87bad3c948f4d605d)
Start importing Assets/WW2 Armed Forces Demo/Prefabs/Vickers_Mk_E_Type_B.prefab using Guid(4a7e113a41402ea4685683f8826df67c) Importer(2089858483,b0f066a214c2f5e87bad3c948f4d605d) (ScriptedImporter) -> (Import Result ID: '02a2ed62a700f3a27283428ff3da19a3') in 0.154955 seconds [static and dynamic dependencies]. Details - ImportResultOutputID=45e990fec3f52a9cf97b1638f17d1616 DependenciesID=2b76d876f6e181d814f5ebdca450b69d StaticDependenciesID=9954615639412fda05393ce33f09b08d 
Number of updated asset objects reloaded before import = 0Number of asset objects unloaded after import = 183

========================================================================
Received Import Request.
  Time since last request: 0.000032 seconds.
  path: Assets/WW2 Armed Forces Demo/Models/Carro_Armato_L6_40.fbx
  importAddress: Guid(9760a13833901e3458983bc9201aa791) Importer(2089858483,b0f066a214c2f5e87bad3c948f4d605d)
Start importing Assets/WW2 Armed Forces Demo/Models/Carro_Armato_L6_40.fbx using Guid(9760a13833901e3458983bc9201aa791) Importer(2089858483,b0f066a214c2f5e87bad3c948f4d605d) (ScriptedImporter) -> (Import Result ID: '04da5f19f64dc42b15042bc976d98853') in 4.2007617 seconds [static and dynamic dependencies]. Details - ImportResultOutputID=20fba3f02c310d4f7c8495f1ef56c247 DependenciesID=85f32e60e90dc297c25e46b8cf638ff8 StaticDependenciesID=a4863c29201d73351a19805c7d1bf40b 
Number of updated asset objects reloaded before import = 0Number of asset objects unloaded after import = 132

========================================================================
Received Import Request.
  Time since last request: 0.000040 seconds.
  path: Assets/WW2 Armed Forces Demo/Textures/Track/Track_Metallic.png
  importAddress: Guid(4066166a678d530408cfa399dafe9a83) Importer(2089858483,b0f066a214c2f5e87bad3c948f4d605d)
Start importing Assets/WW2 Armed Forces Demo/Textures/Track/Track_Metallic.png using Guid(4066166a678d530408cfa399dafe9a83) Importer(2089858483,b0f066a214c2f5e87bad3c948f4d605d) (ScriptedImporter) -> (Import Result ID: '54ebbb1d31b272a5a2204323e9ab0089') in 0.0417362 seconds [static and dynamic dependencies]. Details - ImportResultOutputID=d4badb89edcf9d32c3ffd17dd09f8543 DependenciesID=7833250acf03ad80892ed2a9ba1407e6 StaticDependenciesID=512d0260aec0d263450919b4a60ee8d2 
Number of updated asset objects reloaded before import = 0Number of asset objects unloaded after import = 1

========================================================================
Received Prepare
Refreshing native plugins compatible for Editor in 3.20 ms, found 3 plugins.
Unloading 1 Unused Serialized files (Serialized files now loaded: 0)
Unloading 3788 unused Assets / (1.3 MB). Loaded Objects now: 4438.
Memory consumption went from 114.6 MB to 113.3 MB.
Total: 17.985500 ms (FindLiveObjects: 0.895800 ms CreateObjectMapping: 0.504900 ms MarkObjects: 13.928500 ms  DeleteObjects: 2.654200 ms)

Prepare: number of updated asset objects reloaded= 0
========================================================================
Received Import Request.
  Time since last request: 181.159893 seconds.
  path: Assets/EnemyTankAI.cs
  importAddress: Guid(b2716a5bdea0a12499696f5854f8aa6a) Importer(815301076,1909f56bfc062723c751e8b465ee728b)
Start importing Assets/EnemyTankAI.cs using Guid(b2716a5bdea0a12499696f5854f8aa6a) Importer(815301076,1909f56bfc062723c751e8b465ee728b) (PreviewImporter) -> (Import Result ID: '4ab54f16e88206c4d58eba79dc5d11ed') in 0.0025423 seconds [static and dynamic dependencies]. Details - ImportResultOutputID=bd6ee50206a05f78a1746ef34c8a2b75 DependenciesID=341c565d59ebe9ba347fde4655afac60 StaticDependenciesID=54e7f820fad0babeef6e2e1a804cdcd2 
Number of updated asset objects reloaded before import = 0Number of asset objects unloaded after import = 0

========================================================================
Received Prepare
Refreshing native plugins compatible for Editor in 3.44 ms, found 3 plugins.
Unloading 1 Unused Serialized files (Serialized files now loaded: 0)
Unloading 3787 unused Assets / (1.1 MB). Loaded Objects now: 4438.
Memory consumption went from 114.6 MB to 113.5 MB.
Total: 21.700200 ms (FindLiveObjects: 1.864500 ms CreateObjectMapping: 1.766400 ms MarkObjects: 15.312700 ms  DeleteObjects: 2.754700 ms)

Prepare: number of updated asset objects reloaded= 0
========================================================================
Received Prepare
Unloading 1 Unused Serialized files (Serialized files now loaded: 0)
Unloading 3786 unused Assets / (1.1 MB). Loaded Objects now: 4437.
Memory consumption went from 116.2 MB to 115.0 MB.
Total: 10.834700 ms (FindLiveObjects: 0.962600 ms CreateObjectMapping: 0.815400 ms MarkObjects: 7.432700 ms  DeleteObjects: 1.622700 ms)

Prepare: number of updated asset objects reloaded= 0
========================================================================
Received Prepare
Begin MonoManager ReloadAssembly
[Licensing::Client] Successfully resolved entitlement details
Assembly Assembly-CSharp-Editor-firstpass.dll at Library/ScriptAssemblies/Assembly-CSharp-Editor-firstpass.dll not valid. Loading of assembly skipped.
Assembly Assembly-CSharp-firstpass.dll at Library/ScriptAssemblies/Assembly-CSharp-firstpass.dll not valid. Loading of assembly skipped.
Assembly Cinemachine.Editor.Tests.dll at Library/ScriptAssemblies/Cinemachine.Editor.Tests.dll not valid. Loading of assembly skipped.
Assembly Cinemachine.Runtime.Tests.dll at Library/ScriptAssemblies/Cinemachine.Runtime.Tests.dll not valid. Loading of assembly skipped.
Assembly DocCodeExamples.dll at Library/ScriptAssemblies/DocCodeExamples.dll not valid. Loading of assembly skipped.
Assembly TestNewCustomAssembly.dll at Library/ScriptAssemblies/TestNewCustomAssembly.dll not valid. Loading of assembly skipped.
Assembly Unity.Multiplayer.Center.Editor.Tests.dll at Library/ScriptAssemblies/Unity.Multiplayer.Center.Editor.Tests.dll not valid. Loading of assembly skipped.
Assembly Unity.Multiplayer.Center.Tests.dll at Library/ScriptAssemblies/Unity.Multiplayer.Center.Tests.dll not valid. Loading of assembly skipped.
Assembly Unity.Performance.Profile-Analyzer.EditorTests.dll at Library/ScriptAssemblies/Unity.Performance.Profile-Analyzer.EditorTests.dll not valid. Loading of assembly skipped.
Assembly Unity.Settings.Tests.dll at Library/ScriptAssemblies/Unity.Settings.Tests.dll not valid. Loading of assembly skipped.
Assembly Unity.TestTools.CodeCoverage.Editor.Compatibility.dll at Library/ScriptAssemblies/Unity.TestTools.CodeCoverage.Editor.Compatibility.dll not valid. Loading of assembly skipped.
Assembly Unity.TextMeshPro.Editor.Tests.dll at Library/ScriptAssemblies/Unity.TextMeshPro.Editor.Tests.dll not valid. Loading of assembly skipped.
Assembly Unity.TextMeshPro.Tests.dll at Library/ScriptAssemblies/Unity.TextMeshPro.Tests.dll not valid. Loading of assembly skipped.
Assembly UnityEditor.UI.Common.Tests.dll at Library/ScriptAssemblies/UnityEditor.UI.Common.Tests.dll not valid. Loading of assembly skipped.
Assembly UnityEditor.UI.EditorTests.dll at Library/ScriptAssemblies/UnityEditor.UI.EditorTests.dll not valid. Loading of assembly skipped.
Assembly UnityEngine.UI.Tests.dll at Library/ScriptAssemblies/UnityEngine.UI.Tests.dll not valid. Loading of assembly skipped.
Refreshing native plugins compatible for Editor in 2.32 ms, found 3 plugins.
Assertion failed on expression: 'pred(*previous, *i)'
Native extension for WindowsStandalone target not found
[Package Manager] Failed to launch server process. Reason: Unity was launched with the -noUpm command-line argument
[Package Manager] Unable to send message (not connected to server process).
[Package Manager] Cannot connect to Unity Package Manager local server
[Package Manager] Failed to launch server process. Reason: Unity was launched with the -noUpm command-line argument
[Package Manager] Unable to send message (not connected to server process).
[Package Manager] Cannot connect to Unity Package Manager local server
ScheduleIndexationOnStartup MainProcess:False IndexOnStartup:True
Mono: successfully reloaded assembly
- Finished resetting the current domain, in  1.009 seconds
Domain Reload Profiling: 2929ms
	BeginReloadAssembly (386ms)
		DisableScriptedObjects (10ms)
		CreateAndSetChildDomain (112ms)
	RebuildCommonClasses (51ms)
	RebuildNativeTypeToScriptingClass (14ms)
	initialDomainReloadingComplete (83ms)
	LoadAllAssembliesAndSetupDomain (1385ms)
		LoadAssemblies (1406ms)
		AnalyzeDomain (161ms)
			TypeCache.Refresh (17ms)
			BuildScriptInfoCaches (135ms)
			ResolveRequiredComponents (7ms)
	FinalizeReload (1010ms)
		SetupLoadedEditorAssemblies (0ms)
			BeforeProcessingInitializeOnLoad (179ms)
			ProcessInitializeOnLoadAttributes (552ms)
			ProcessInitializeOnLoadMethodAttributes (65ms)
			AfterProcessingInitializeOnLoad (16ms)
		AwakeInstancesAfterBackupRestoration (9ms)
Unloading 1 Unused Serialized files (Serialized files now loaded: 0)
Unloading 3791 unused Assets / (1.1 MB). Loaded Objects now: 4438.
Memory consumption went from 118.7 MB to 117.6 MB.
Total: 7.663700 ms (FindLiveObjects: 0.657200 ms CreateObjectMapping: 0.294400 ms MarkObjects: 5.447400 ms  DeleteObjects: 1.262700 ms)

Prepare: number of updated asset objects reloaded= 0
========================================================================
Received Prepare
Begin MonoManager ReloadAssembly
Assembly Assembly-CSharp-Editor-firstpass.dll at Library/ScriptAssemblies/Assembly-CSharp-Editor-firstpass.dll not valid. Loading of assembly skipped.
Assembly Assembly-CSharp-firstpass.dll at Library/ScriptAssemblies/Assembly-CSharp-firstpass.dll not valid. Loading of assembly skipped.
Assembly Cinemachine.Editor.Tests.dll at Library/ScriptAssemblies/Cinemachine.Editor.Tests.dll not valid. Loading of assembly skipped.
Assembly Cinemachine.Runtime.Tests.dll at Library/ScriptAssemblies/Cinemachine.Runtime.Tests.dll not valid. Loading of assembly skipped.
Assembly DocCodeExamples.dll at Library/ScriptAssemblies/DocCodeExamples.dll not valid. Loading of assembly skipped.
Assembly TestNewCustomAssembly.dll at Library/ScriptAssemblies/TestNewCustomAssembly.dll not valid. Loading of assembly skipped.
Assembly Unity.Multiplayer.Center.Editor.Tests.dll at Library/ScriptAssemblies/Unity.Multiplayer.Center.Editor.Tests.dll not valid. Loading of assembly skipped.
Assembly Unity.Multiplayer.Center.Tests.dll at Library/ScriptAssemblies/Unity.Multiplayer.Center.Tests.dll not valid. Loading of assembly skipped.
Assembly Unity.Performance.Profile-Analyzer.EditorTests.dll at Library/ScriptAssemblies/Unity.Performance.Profile-Analyzer.EditorTests.dll not valid. Loading of assembly skipped.
Assembly Unity.Settings.Tests.dll at Library/ScriptAssemblies/Unity.Settings.Tests.dll not valid. Loading of assembly skipped.
Assembly Unity.TestTools.CodeCoverage.Editor.Compatibility.dll at Library/ScriptAssemblies/Unity.TestTools.CodeCoverage.Editor.Compatibility.dll not valid. Loading of assembly skipped.
Assembly Unity.TextMeshPro.Editor.Tests.dll at Library/ScriptAssemblies/Unity.TextMeshPro.Editor.Tests.dll not valid. Loading of assembly skipped.
Assembly Unity.TextMeshPro.Tests.dll at Library/ScriptAssemblies/Unity.TextMeshPro.Tests.dll not valid. Loading of assembly skipped.
Assembly UnityEditor.UI.Common.Tests.dll at Library/ScriptAssemblies/UnityEditor.UI.Common.Tests.dll not valid. Loading of assembly skipped.
Assembly UnityEditor.UI.EditorTests.dll at Library/ScriptAssemblies/UnityEditor.UI.EditorTests.dll not valid. Loading of assembly skipped.
Assembly UnityEngine.UI.Tests.dll at Library/ScriptAssemblies/UnityEngine.UI.Tests.dll not valid. Loading of assembly skipped.
Assertion failed on expression: 'pred(*previous, *i)'
Native extension for WindowsStandalone target not found
[Package Manager] Failed to launch server process. Reason: Unity was launched with the -noUpm command-line argument
[Package Manager] Unable to send message (not connected to server process).
[Package Manager] Cannot connect to Unity Package Manager local server
[Package Manager] Failed to launch server process. Reason: Unity was launched with the -noUpm command-line argument
[Package Manager] Unable to send message (not connected to server process).
[Package Manager] Cannot connect to Unity Package Manager local server
ScheduleIndexationOnStartup MainProcess:False IndexOnStartup:True
Mono: successfully reloaded assembly
- Finished resetting the current domain, in  0.701 seconds
Domain Reload Profiling: 2985ms
	BeginReloadAssembly (249ms)
		DisableScriptedObjects (7ms)
		CreateAndSetChildDomain (59ms)
	RebuildCommonClasses (47ms)
	RebuildNativeTypeToScriptingClass (14ms)
	initialDomainReloadingComplete (86ms)
	LoadAllAssembliesAndSetupDomain (1887ms)
		LoadAssemblies (1859ms)
		AnalyzeDomain (159ms)
			TypeCache.Refresh (7ms)
			BuildScriptInfoCaches (142ms)
			ResolveRequiredComponents (8ms)
	FinalizeReload (701ms)
		SetupLoadedEditorAssemblies (0ms)
			BeforeProcessingInitializeOnLoad (127ms)
			ProcessInitializeOnLoadAttributes (365ms)
			ProcessInitializeOnLoadMethodAttributes (43ms)
			AfterProcessingInitializeOnLoad (10ms)
		AwakeInstancesAfterBackupRestoration (6ms)
Refreshing native plugins compatible for Editor in 2.24 ms, found 3 plugins.
Unloading 1 Unused Serialized files (Serialized files now loaded: 0)
Unloading 3791 unused Assets / (1.1 MB). Loaded Objects now: 4439.
Memory consumption went from 120.2 MB to 119.1 MB.
Total: 10.318400 ms (FindLiveObjects: 0.704200 ms CreateObjectMapping: 1.070700 ms MarkObjects: 7.143000 ms  DeleteObjects: 1.399100 ms)

Prepare: number of updated asset objects reloaded= 0
========================================================================
Received Prepare
Unloading 1 Unused Serialized files (Serialized files now loaded: 0)
Unloading 3786 unused Assets / (1.1 MB). Loaded Objects now: 4439.
Memory consumption went from 121.9 MB to 120.8 MB.
Total: 10.989900 ms (FindLiveObjects: 0.585100 ms CreateObjectMapping: 0.310100 ms MarkObjects: 8.411700 ms  DeleteObjects: 1.681600 ms)

Prepare: number of updated asset objects reloaded= 0
========================================================================
Received Prepare
Begin MonoManager ReloadAssembly
[Licensing::Client] Successfully resolved entitlement details
Assembly Assembly-CSharp-Editor-firstpass.dll at Library/ScriptAssemblies/Assembly-CSharp-Editor-firstpass.dll not valid. Loading of assembly skipped.
Assembly Assembly-CSharp-firstpass.dll at Library/ScriptAssemblies/Assembly-CSharp-firstpass.dll not valid. Loading of assembly skipped.
Assembly Cinemachine.Editor.Tests.dll at Library/ScriptAssemblies/Cinemachine.Editor.Tests.dll not valid. Loading of assembly skipped.
Assembly Cinemachine.Runtime.Tests.dll at Library/ScriptAssemblies/Cinemachine.Runtime.Tests.dll not valid. Loading of assembly skipped.
Assembly DocCodeExamples.dll at Library/ScriptAssemblies/DocCodeExamples.dll not valid. Loading of assembly skipped.
Assembly TestNewCustomAssembly.dll at Library/ScriptAssemblies/TestNewCustomAssembly.dll not valid. Loading of assembly skipped.
Assembly Unity.Multiplayer.Center.Editor.Tests.dll at Library/ScriptAssemblies/Unity.Multiplayer.Center.Editor.Tests.dll not valid. Loading of assembly skipped.
Assembly Unity.Multiplayer.Center.Tests.dll at Library/ScriptAssemblies/Unity.Multiplayer.Center.Tests.dll not valid. Loading of assembly skipped.
Assembly Unity.Performance.Profile-Analyzer.EditorTests.dll at Library/ScriptAssemblies/Unity.Performance.Profile-Analyzer.EditorTests.dll not valid. Loading of assembly skipped.
Assembly Unity.Settings.Tests.dll at Library/ScriptAssemblies/Unity.Settings.Tests.dll not valid. Loading of assembly skipped.
Assembly Unity.TestTools.CodeCoverage.Editor.Compatibility.dll at Library/ScriptAssemblies/Unity.TestTools.CodeCoverage.Editor.Compatibility.dll not valid. Loading of assembly skipped.
Assembly Unity.TextMeshPro.Editor.Tests.dll at Library/ScriptAssemblies/Unity.TextMeshPro.Editor.Tests.dll not valid. Loading of assembly skipped.
Assembly Unity.TextMeshPro.Tests.dll at Library/ScriptAssemblies/Unity.TextMeshPro.Tests.dll not valid. Loading of assembly skipped.
Assembly UnityEditor.UI.Common.Tests.dll at Library/ScriptAssemblies/UnityEditor.UI.Common.Tests.dll not valid. Loading of assembly skipped.
Assembly UnityEditor.UI.EditorTests.dll at Library/ScriptAssemblies/UnityEditor.UI.EditorTests.dll not valid. Loading of assembly skipped.
Assembly UnityEngine.UI.Tests.dll at Library/ScriptAssemblies/UnityEngine.UI.Tests.dll not valid. Loading of assembly skipped.
Assertion failed on expression: 'pred(*previous, *i)'
Native extension for WindowsStandalone target not found
[Package Manager] Failed to launch server process. Reason: Unity was launched with the -noUpm command-line argument
[Package Manager] Unable to send message (not connected to server process).
[Package Manager] Cannot connect to Unity Package Manager local server
[Package Manager] Failed to launch server process. Reason: Unity was launched with the -noUpm command-line argument
[Package Manager] Unable to send message (not connected to server process).
[Package Manager] Cannot connect to Unity Package Manager local server
ScheduleIndexationOnStartup MainProcess:False IndexOnStartup:True
Mono: successfully reloaded assembly
- Finished resetting the current domain, in  0.705 seconds
Domain Reload Profiling: 4480ms
	BeginReloadAssembly (255ms)
		DisableScriptedObjects (7ms)
		CreateAndSetChildDomain (59ms)
	RebuildCommonClasses (50ms)
	RebuildNativeTypeToScriptingClass (16ms)
	initialDomainReloadingComplete (88ms)
	LoadAllAssembliesAndSetupDomain (3365ms)
		LoadAssemblies (3351ms)
		AnalyzeDomain (145ms)
			TypeCache.Refresh (11ms)
			BuildScriptInfoCaches (125ms)
			ResolveRequiredComponents (7ms)
	FinalizeReload (706ms)
		SetupLoadedEditorAssemblies (0ms)
			BeforeProcessingInitializeOnLoad (121ms)
			ProcessInitializeOnLoadAttributes (381ms)
			ProcessInitializeOnLoadMethodAttributes (50ms)
			AfterProcessingInitializeOnLoad (11ms)
		AwakeInstancesAfterBackupRestoration (8ms)
Unloading 1 Unused Serialized files (Serialized files now loaded: 0)
Unloading 3791 unused Assets / (0.9 MB). Loaded Objects now: 4440.
Memory consumption went from 123.2 MB to 122.3 MB.
Total: 6.502800 ms (FindLiveObjects: 0.481400 ms CreateObjectMapping: 0.271800 ms MarkObjects: 4.867800 ms  DeleteObjects: 0.881000 ms)

Prepare: number of updated asset objects reloaded= 0
========================================================================
Received Prepare
Begin MonoManager ReloadAssembly
[Licensing::Client] Successfully resolved entitlement details
Assembly Assembly-CSharp-Editor-firstpass.dll at Library/ScriptAssemblies/Assembly-CSharp-Editor-firstpass.dll not valid. Loading of assembly skipped.
Assembly Assembly-CSharp-firstpass.dll at Library/ScriptAssemblies/Assembly-CSharp-firstpass.dll not valid. Loading of assembly skipped.
Assembly Cinemachine.Editor.Tests.dll at Library/ScriptAssemblies/Cinemachine.Editor.Tests.dll not valid. Loading of assembly skipped.
Assembly Cinemachine.Runtime.Tests.dll at Library/ScriptAssemblies/Cinemachine.Runtime.Tests.dll not valid. Loading of assembly skipped.
Assembly DocCodeExamples.dll at Library/ScriptAssemblies/DocCodeExamples.dll not valid. Loading of assembly skipped.
Assembly TestNewCustomAssembly.dll at Library/ScriptAssemblies/TestNewCustomAssembly.dll not valid. Loading of assembly skipped.
Assembly Unity.Multiplayer.Center.Editor.Tests.dll at Library/ScriptAssemblies/Unity.Multiplayer.Center.Editor.Tests.dll not valid. Loading of assembly skipped.
Assembly Unity.Multiplayer.Center.Tests.dll at Library/ScriptAssemblies/Unity.Multiplayer.Center.Tests.dll not valid. Loading of assembly skipped.
Assembly Unity.Performance.Profile-Analyzer.EditorTests.dll at Library/ScriptAssemblies/Unity.Performance.Profile-Analyzer.EditorTests.dll not valid. Loading of assembly skipped.
Assembly Unity.Settings.Tests.dll at Library/ScriptAssemblies/Unity.Settings.Tests.dll not valid. Loading of assembly skipped.
Assembly Unity.TestTools.CodeCoverage.Editor.Compatibility.dll at Library/ScriptAssemblies/Unity.TestTools.CodeCoverage.Editor.Compatibility.dll not valid. Loading of assembly skipped.
Assembly Unity.TextMeshPro.Editor.Tests.dll at Library/ScriptAssemblies/Unity.TextMeshPro.Editor.Tests.dll not valid. Loading of assembly skipped.
Assembly Unity.TextMeshPro.Tests.dll at Library/ScriptAssemblies/Unity.TextMeshPro.Tests.dll not valid. Loading of assembly skipped.
Assembly UnityEditor.UI.Common.Tests.dll at Library/ScriptAssemblies/UnityEditor.UI.Common.Tests.dll not valid. Loading of assembly skipped.
Assembly UnityEditor.UI.EditorTests.dll at Library/ScriptAssemblies/UnityEditor.UI.EditorTests.dll not valid. Loading of assembly skipped.
Assembly UnityEngine.UI.Tests.dll at Library/ScriptAssemblies/UnityEngine.UI.Tests.dll not valid. Loading of assembly skipped.
Assertion failed on expression: 'pred(*previous, *i)'
Native extension for WindowsStandalone target not found
[Package Manager] Failed to launch server process. Reason: Unity was launched with the -noUpm command-line argument
[Package Manager] Unable to send message (not connected to server process).
[Package Manager] Cannot connect to Unity Package Manager local server
[Package Manager] Failed to launch server process. Reason: Unity was launched with the -noUpm command-line argument
[Package Manager] Unable to send message (not connected to server process).
[Package Manager] Cannot connect to Unity Package Manager local server
ScheduleIndexationOnStartup MainProcess:False IndexOnStartup:True
Mono: successfully reloaded assembly
- Finished resetting the current domain, in  0.756 seconds
Domain Reload Profiling: 3310ms
	BeginReloadAssembly (265ms)
		DisableScriptedObjects (7ms)
		CreateAndSetChildDomain (58ms)
	RebuildCommonClasses (45ms)
	RebuildNativeTypeToScriptingClass (14ms)
	initialDomainReloadingComplete (87ms)
	LoadAllAssembliesAndSetupDomain (2141ms)
		LoadAssemblies (2104ms)
		AnalyzeDomain (179ms)
			TypeCache.Refresh (9ms)
			BuildScriptInfoCaches (158ms)
			ResolveRequiredComponents (10ms)
	FinalizeReload (757ms)
		SetupLoadedEditorAssemblies (0ms)
			InitializePlatformSupportModulesInManaged (3ms)
			BeforeProcessingInitializeOnLoad (141ms)
			ProcessInitializeOnLoadAttributes (391ms)
			ProcessInitializeOnLoadMethodAttributes (46ms)
			AfterProcessingInitializeOnLoad (11ms)
		AwakeInstancesAfterBackupRestoration (7ms)
Refreshing native plugins compatible for Editor in 2.34 ms, found 3 plugins.
Unloading 1 Unused Serialized files (Serialized files now loaded: 0)
Unloading 3791 unused Assets / (1.2 MB). Loaded Objects now: 4441.
Memory consumption went from 124.8 MB to 123.6 MB.
Total: 14.327000 ms (FindLiveObjects: 0.782000 ms CreateObjectMapping: 0.534200 ms MarkObjects: 10.392400 ms  DeleteObjects: 2.614800 ms)

Prepare: number of updated asset objects reloaded= 0
========================================================================
Received Prepare
Begin MonoManager ReloadAssembly
[Licensing::Client] Successfully resolved entitlement details
Assembly Assembly-CSharp-Editor-firstpass.dll at Library/ScriptAssemblies/Assembly-CSharp-Editor-firstpass.dll not valid. Loading of assembly skipped.
Assembly Assembly-CSharp-firstpass.dll at Library/ScriptAssemblies/Assembly-CSharp-firstpass.dll not valid. Loading of assembly skipped.
Assembly Cinemachine.Editor.Tests.dll at Library/ScriptAssemblies/Cinemachine.Editor.Tests.dll not valid. Loading of assembly skipped.
Assembly Cinemachine.Runtime.Tests.dll at Library/ScriptAssemblies/Cinemachine.Runtime.Tests.dll not valid. Loading of assembly skipped.
Assembly DocCodeExamples.dll at Library/ScriptAssemblies/DocCodeExamples.dll not valid. Loading of assembly skipped.
Assembly TestNewCustomAssembly.dll at Library/ScriptAssemblies/TestNewCustomAssembly.dll not valid. Loading of assembly skipped.
Assembly Unity.Multiplayer.Center.Editor.Tests.dll at Library/ScriptAssemblies/Unity.Multiplayer.Center.Editor.Tests.dll not valid. Loading of assembly skipped.
Assembly Unity.Multiplayer.Center.Tests.dll at Library/ScriptAssemblies/Unity.Multiplayer.Center.Tests.dll not valid. Loading of assembly skipped.
Assembly Unity.Performance.Profile-Analyzer.EditorTests.dll at Library/ScriptAssemblies/Unity.Performance.Profile-Analyzer.EditorTests.dll not valid. Loading of assembly skipped.
Assembly Unity.Settings.Tests.dll at Library/ScriptAssemblies/Unity.Settings.Tests.dll not valid. Loading of assembly skipped.
Assembly Unity.TestTools.CodeCoverage.Editor.Compatibility.dll at Library/ScriptAssemblies/Unity.TestTools.CodeCoverage.Editor.Compatibility.dll not valid. Loading of assembly skipped.
Assembly Unity.TextMeshPro.Editor.Tests.dll at Library/ScriptAssemblies/Unity.TextMeshPro.Editor.Tests.dll not valid. Loading of assembly skipped.
Assembly Unity.TextMeshPro.Tests.dll at Library/ScriptAssemblies/Unity.TextMeshPro.Tests.dll not valid. Loading of assembly skipped.
Assembly UnityEditor.UI.Common.Tests.dll at Library/ScriptAssemblies/UnityEditor.UI.Common.Tests.dll not valid. Loading of assembly skipped.
Assembly UnityEditor.UI.EditorTests.dll at Library/ScriptAssemblies/UnityEditor.UI.EditorTests.dll not valid. Loading of assembly skipped.
Assembly UnityEngine.UI.Tests.dll at Library/ScriptAssemblies/UnityEngine.UI.Tests.dll not valid. Loading of assembly skipped.
Assertion failed on expression: 'pred(*previous, *i)'
Native extension for WindowsStandalone target not found
[Package Manager] Failed to launch server process. Reason: Unity was launched with the -noUpm command-line argument
[Package Manager] Unable to send message (not connected to server process).
[Package Manager] Cannot connect to Unity Package Manager local server
[Package Manager] Failed to launch server process. Reason: Unity was launched with the -noUpm command-line argument
[Package Manager] Unable to send message (not connected to server process).
[Package Manager] Cannot connect to Unity Package Manager local server
ScheduleIndexationOnStartup MainProcess:False IndexOnStartup:True
Mono: successfully reloaded assembly
- Finished resetting the current domain, in  0.890 seconds
Domain Reload Profiling: 3192ms
	BeginReloadAssembly (229ms)
		DisableScriptedObjects (6ms)
		CreateAndSetChildDomain (49ms)
	RebuildCommonClasses (41ms)
	RebuildNativeTypeToScriptingClass (13ms)
	initialDomainReloadingComplete (70ms)
	LoadAllAssembliesAndSetupDomain (1948ms)
		LoadAssemblies (1908ms)
		AnalyzeDomain (157ms)
			TypeCache.Refresh (8ms)
			BuildScriptInfoCaches (140ms)
			ResolveRequiredComponents (8ms)
	FinalizeReload (891ms)
		SetupLoadedEditorAssemblies (0ms)
			BeforeProcessingInitializeOnLoad (127ms)
			ProcessInitializeOnLoadAttributes (479ms)
			ProcessInitializeOnLoadMethodAttributes (82ms)
			AfterProcessingInitializeOnLoad (15ms)
		AwakeInstancesAfterBackupRestoration (11ms)
Refreshing native plugins compatible for Editor in 6.05 ms, found 3 plugins.
Unloading 1 Unused Serialized files (Serialized files now loaded: 0)
Unloading 3791 unused Assets / (1.2 MB). Loaded Objects now: 4442.
Memory consumption went from 126.3 MB to 125.1 MB.
Total: 13.721100 ms (FindLiveObjects: 1.526600 ms CreateObjectMapping: 1.035300 ms MarkObjects: 8.398700 ms  DeleteObjects: 2.758700 ms)

Prepare: number of updated asset objects reloaded= 0
========================================================================
Received Prepare
Begin MonoManager ReloadAssembly
[Licensing::Client] Successfully resolved entitlement details
Assembly Assembly-CSharp-Editor-firstpass.dll at Library/ScriptAssemblies/Assembly-CSharp-Editor-firstpass.dll not valid. Loading of assembly skipped.
Assembly Assembly-CSharp-firstpass.dll at Library/ScriptAssemblies/Assembly-CSharp-firstpass.dll not valid. Loading of assembly skipped.
Assembly Cinemachine.Editor.Tests.dll at Library/ScriptAssemblies/Cinemachine.Editor.Tests.dll not valid. Loading of assembly skipped.
Assembly Cinemachine.Runtime.Tests.dll at Library/ScriptAssemblies/Cinemachine.Runtime.Tests.dll not valid. Loading of assembly skipped.
Assembly DocCodeExamples.dll at Library/ScriptAssemblies/DocCodeExamples.dll not valid. Loading of assembly skipped.
Assembly TestNewCustomAssembly.dll at Library/ScriptAssemblies/TestNewCustomAssembly.dll not valid. Loading of assembly skipped.
Assembly Unity.Multiplayer.Center.Editor.Tests.dll at Library/ScriptAssemblies/Unity.Multiplayer.Center.Editor.Tests.dll not valid. Loading of assembly skipped.
Assembly Unity.Multiplayer.Center.Tests.dll at Library/ScriptAssemblies/Unity.Multiplayer.Center.Tests.dll not valid. Loading of assembly skipped.
Assembly Unity.Performance.Profile-Analyzer.EditorTests.dll at Library/ScriptAssemblies/Unity.Performance.Profile-Analyzer.EditorTests.dll not valid. Loading of assembly skipped.
Assembly Unity.Settings.Tests.dll at Library/ScriptAssemblies/Unity.Settings.Tests.dll not valid. Loading of assembly skipped.
Assembly Unity.TestTools.CodeCoverage.Editor.Compatibility.dll at Library/ScriptAssemblies/Unity.TestTools.CodeCoverage.Editor.Compatibility.dll not valid. Loading of assembly skipped.
Assembly Unity.TextMeshPro.Editor.Tests.dll at Library/ScriptAssemblies/Unity.TextMeshPro.Editor.Tests.dll not valid. Loading of assembly skipped.
Assembly Unity.TextMeshPro.Tests.dll at Library/ScriptAssemblies/Unity.TextMeshPro.Tests.dll not valid. Loading of assembly skipped.
Assembly UnityEditor.UI.Common.Tests.dll at Library/ScriptAssemblies/UnityEditor.UI.Common.Tests.dll not valid. Loading of assembly skipped.
Assembly UnityEditor.UI.EditorTests.dll at Library/ScriptAssemblies/UnityEditor.UI.EditorTests.dll not valid. Loading of assembly skipped.
Assembly UnityEngine.UI.Tests.dll at Library/ScriptAssemblies/UnityEngine.UI.Tests.dll not valid. Loading of assembly skipped.
Assertion failed on expression: 'pred(*previous, *i)'
Native extension for WindowsStandalone target not found
[Package Manager] Failed to launch server process. Reason: Unity was launched with the -noUpm command-line argument
[Package Manager] Unable to send message (not connected to server process).
[Package Manager] Cannot connect to Unity Package Manager local server
[Package Manager] Failed to launch server process. Reason: Unity was launched with the -noUpm command-line argument
[Package Manager] Unable to send message (not connected to server process).
[Package Manager] Cannot connect to Unity Package Manager local server
ScheduleIndexationOnStartup MainProcess:False IndexOnStartup:True
Mono: successfully reloaded assembly
- Finished resetting the current domain, in  1.012 seconds
Domain Reload Profiling: 2390ms
	BeginReloadAssembly (228ms)
		DisableScriptedObjects (5ms)
		CreateAndSetChildDomain (51ms)
	RebuildCommonClasses (44ms)
	RebuildNativeTypeToScriptingClass (13ms)
	initialDomainReloadingComplete (82ms)
	LoadAllAssembliesAndSetupDomain (1011ms)
		LoadAssemblies (872ms)
		AnalyzeDomain (255ms)
			TypeCache.Refresh (9ms)
			BuildScriptInfoCaches (235ms)
			ResolveRequiredComponents (9ms)
	FinalizeReload (1013ms)
		SetupLoadedEditorAssemblies (0ms)
			InitializePlatformSupportModulesInManaged (3ms)
			BeforeProcessingInitializeOnLoad (174ms)
			ProcessInitializeOnLoadAttributes (569ms)
			ProcessInitializeOnLoadMethodAttributes (66ms)
			AfterProcessingInitializeOnLoad (17ms)
		AwakeInstancesAfterBackupRestoration (11ms)
Refreshing native plugins compatible for Editor in 2.75 ms, found 3 plugins.
Unloading 1 Unused Serialized files (Serialized files now loaded: 0)
Unloading 3791 unused Assets / (1.3 MB). Loaded Objects now: 4443.
Memory consumption went from 127.8 MB to 126.6 MB.
Total: 13.133100 ms (FindLiveObjects: 0.950600 ms CreateObjectMapping: 0.423200 ms MarkObjects: 9.383500 ms  DeleteObjects: 2.374200 ms)

Prepare: number of updated asset objects reloaded= 0
========================================================================
Received Prepare
Begin MonoManager ReloadAssembly
Assembly Assembly-CSharp-Editor-firstpass.dll at Library/ScriptAssemblies/Assembly-CSharp-Editor-firstpass.dll not valid. Loading of assembly skipped.
Assembly Assembly-CSharp-firstpass.dll at Library/ScriptAssemblies/Assembly-CSharp-firstpass.dll not valid. Loading of assembly skipped.
Assembly Cinemachine.Editor.Tests.dll at Library/ScriptAssemblies/Cinemachine.Editor.Tests.dll not valid. Loading of assembly skipped.
Assembly Cinemachine.Runtime.Tests.dll at Library/ScriptAssemblies/Cinemachine.Runtime.Tests.dll not valid. Loading of assembly skipped.
Assembly DocCodeExamples.dll at Library/ScriptAssemblies/DocCodeExamples.dll not valid. Loading of assembly skipped.
Assembly TestNewCustomAssembly.dll at Library/ScriptAssemblies/TestNewCustomAssembly.dll not valid. Loading of assembly skipped.
Assembly Unity.Multiplayer.Center.Editor.Tests.dll at Library/ScriptAssemblies/Unity.Multiplayer.Center.Editor.Tests.dll not valid. Loading of assembly skipped.
Assembly Unity.Multiplayer.Center.Tests.dll at Library/ScriptAssemblies/Unity.Multiplayer.Center.Tests.dll not valid. Loading of assembly skipped.
Assembly Unity.Performance.Profile-Analyzer.EditorTests.dll at Library/ScriptAssemblies/Unity.Performance.Profile-Analyzer.EditorTests.dll not valid. Loading of assembly skipped.
Assembly Unity.Settings.Tests.dll at Library/ScriptAssemblies/Unity.Settings.Tests.dll not valid. Loading of assembly skipped.
Assembly Unity.TestTools.CodeCoverage.Editor.Compatibility.dll at Library/ScriptAssemblies/Unity.TestTools.CodeCoverage.Editor.Compatibility.dll not valid. Loading of assembly skipped.
Assembly Unity.TextMeshPro.Editor.Tests.dll at Library/ScriptAssemblies/Unity.TextMeshPro.Editor.Tests.dll not valid. Loading of assembly skipped.
Assembly Unity.TextMeshPro.Tests.dll at Library/ScriptAssemblies/Unity.TextMeshPro.Tests.dll not valid. Loading of assembly skipped.
Assembly UnityEditor.UI.Common.Tests.dll at Library/ScriptAssemblies/UnityEditor.UI.Common.Tests.dll not valid. Loading of assembly skipped.
Assembly UnityEditor.UI.EditorTests.dll at Library/ScriptAssemblies/UnityEditor.UI.EditorTests.dll not valid. Loading of assembly skipped.
Assembly UnityEngine.UI.Tests.dll at Library/ScriptAssemblies/UnityEngine.UI.Tests.dll not valid. Loading of assembly skipped.
Refreshing native plugins compatible for Editor in 2.01 ms, found 3 plugins.
Assertion failed on expression: 'pred(*previous, *i)'
Native extension for WindowsStandalone target not found
[Package Manager] Failed to launch server process. Reason: Unity was launched with the -noUpm command-line argument
[Package Manager] Unable to send message (not connected to server process).
[Package Manager] Cannot connect to Unity Package Manager local server
[Package Manager] Failed to launch server process. Reason: Unity was launched with the -noUpm command-line argument
[Package Manager] Unable to send message (not connected to server process).
[Package Manager] Cannot connect to Unity Package Manager local server
ScheduleIndexationOnStartup MainProcess:False IndexOnStartup:True
Mono: successfully reloaded assembly
- Finished resetting the current domain, in  0.794 seconds
Domain Reload Profiling: 1590ms
	BeginReloadAssembly (233ms)
		DisableScriptedObjects (6ms)
		CreateAndSetChildDomain (57ms)
	RebuildCommonClasses (41ms)
	RebuildNativeTypeToScriptingClass (13ms)
	initialDomainReloadingComplete (78ms)
	LoadAllAssembliesAndSetupDomain (432ms)
		LoadAssemblies (386ms)
		AnalyzeDomain (162ms)
			TypeCache.Refresh (8ms)
			BuildScriptInfoCaches (144ms)
			ResolveRequiredComponents (7ms)
	FinalizeReload (794ms)
		SetupLoadedEditorAssemblies (0ms)
			BeforeProcessingInitializeOnLoad (140ms)
			ProcessInitializeOnLoadAttributes (426ms)
			ProcessInitializeOnLoadMethodAttributes (48ms)
			AfterProcessingInitializeOnLoad (12ms)
		AwakeInstancesAfterBackupRestoration (8ms)
Unloading 1 Unused Serialized files (Serialized files now loaded: 0)
Unloading 3791 unused Assets / (1.1 MB). Loaded Objects now: 4444.
Memory consumption went from 129.4 MB to 128.3 MB.
Total: 8.543100 ms (FindLiveObjects: 0.641900 ms CreateObjectMapping: 0.334100 ms MarkObjects: 5.901200 ms  DeleteObjects: 1.664900 ms)

Prepare: number of updated asset objects reloaded= 0
========================================================================
Received Prepare
Begin MonoManager ReloadAssembly
[Licensing::Client] Successfully resolved entitlement details
Assembly Assembly-CSharp-Editor-firstpass.dll at Library/ScriptAssemblies/Assembly-CSharp-Editor-firstpass.dll not valid. Loading of assembly skipped.
Assembly Assembly-CSharp-firstpass.dll at Library/ScriptAssemblies/Assembly-CSharp-firstpass.dll not valid. Loading of assembly skipped.
Assembly Cinemachine.Editor.Tests.dll at Library/ScriptAssemblies/Cinemachine.Editor.Tests.dll not valid. Loading of assembly skipped.
Assembly Cinemachine.Runtime.Tests.dll at Library/ScriptAssemblies/Cinemachine.Runtime.Tests.dll not valid. Loading of assembly skipped.
Assembly DocCodeExamples.dll at Library/ScriptAssemblies/DocCodeExamples.dll not valid. Loading of assembly skipped.
Assembly TestNewCustomAssembly.dll at Library/ScriptAssemblies/TestNewCustomAssembly.dll not valid. Loading of assembly skipped.
Assembly Unity.Multiplayer.Center.Editor.Tests.dll at Library/ScriptAssemblies/Unity.Multiplayer.Center.Editor.Tests.dll not valid. Loading of assembly skipped.
Assembly Unity.Multiplayer.Center.Tests.dll at Library/ScriptAssemblies/Unity.Multiplayer.Center.Tests.dll not valid. Loading of assembly skipped.
Assembly Unity.Performance.Profile-Analyzer.EditorTests.dll at Library/ScriptAssemblies/Unity.Performance.Profile-Analyzer.EditorTests.dll not valid. Loading of assembly skipped.
Assembly Unity.Settings.Tests.dll at Library/ScriptAssemblies/Unity.Settings.Tests.dll not valid. Loading of assembly skipped.
Assembly Unity.TestTools.CodeCoverage.Editor.Compatibility.dll at Library/ScriptAssemblies/Unity.TestTools.CodeCoverage.Editor.Compatibility.dll not valid. Loading of assembly skipped.
Assembly Unity.TextMeshPro.Editor.Tests.dll at Library/ScriptAssemblies/Unity.TextMeshPro.Editor.Tests.dll not valid. Loading of assembly skipped.
Assembly Unity.TextMeshPro.Tests.dll at Library/ScriptAssemblies/Unity.TextMeshPro.Tests.dll not valid. Loading of assembly skipped.
Assembly UnityEditor.UI.Common.Tests.dll at Library/ScriptAssemblies/UnityEditor.UI.Common.Tests.dll not valid. Loading of assembly skipped.
Assembly UnityEditor.UI.EditorTests.dll at Library/ScriptAssemblies/UnityEditor.UI.EditorTests.dll not valid. Loading of assembly skipped.
Assembly UnityEngine.UI.Tests.dll at Library/ScriptAssemblies/UnityEngine.UI.Tests.dll not valid. Loading of assembly skipped.
Assertion failed on expression: 'pred(*previous, *i)'
Native extension for WindowsStandalone target not found
[Package Manager] Failed to launch server process. Reason: Unity was launched with the -noUpm command-line argument
[Package Manager] Unable to send message (not connected to server process).
[Package Manager] Cannot connect to Unity Package Manager local server
[Package Manager] Failed to launch server process. Reason: Unity was launched with the -noUpm command-line argument
[Package Manager] Unable to send message (not connected to server process).
[Package Manager] Cannot connect to Unity Package Manager local server
ScheduleIndexationOnStartup MainProcess:False IndexOnStartup:True
Mono: successfully reloaded assembly
- Finished resetting the current domain, in  0.774 seconds
Domain Reload Profiling: 1592ms
	BeginReloadAssembly (242ms)
		DisableScriptedObjects (6ms)
		CreateAndSetChildDomain (54ms)
	RebuildCommonClasses (41ms)
	RebuildNativeTypeToScriptingClass (13ms)
	initialDomainReloadingComplete (83ms)
	LoadAllAssembliesAndSetupDomain (439ms)
		LoadAssemblies (403ms)
		AnalyzeDomain (159ms)
			TypeCache.Refresh (8ms)
			BuildScriptInfoCaches (141ms)
			ResolveRequiredComponents (8ms)
	FinalizeReload (775ms)
		SetupLoadedEditorAssemblies (0ms)
			InitializePlatformSupportModulesInManaged (3ms)
			BeforeProcessingInitializeOnLoad (138ms)
			ProcessInitializeOnLoadAttributes (413ms)
			ProcessInitializeOnLoadMethodAttributes (53ms)
			AfterProcessingInitializeOnLoad (11ms)
		AwakeInstancesAfterBackupRestoration (7ms)
Unloading 1 Unused Serialized files (Serialized files now loaded: 0)
Unloading 3791 unused Assets / (0.9 MB). Loaded Objects now: 4445.
Memory consumption went from 130.9 MB to 130.0 MB.
Total: 7.535900 ms (FindLiveObjects: 0.621100 ms CreateObjectMapping: 0.340400 ms MarkObjects: 5.276400 ms  DeleteObjects: 1.297000 ms)

Prepare: number of updated asset objects reloaded= 0
========================================================================
Received Prepare
Refreshing native plugins compatible for Editor in 2.68 ms, found 3 plugins.
Unloading 1 Unused Serialized files (Serialized files now loaded: 0)
Unloading 3786 unused Assets / (1.0 MB). Loaded Objects now: 4445.
Memory consumption went from 132.6 MB to 131.6 MB.
Total: 10.441700 ms (FindLiveObjects: 0.665200 ms CreateObjectMapping: 0.404900 ms MarkObjects: 7.865900 ms  DeleteObjects: 1.503000 ms)

Prepare: number of updated asset objects reloaded= 0
========================================================================
Received Prepare
Begin MonoManager ReloadAssembly
[Licensing::Client] Successfully resolved entitlement details
Assembly Assembly-CSharp-Editor-firstpass.dll at Library/ScriptAssemblies/Assembly-CSharp-Editor-firstpass.dll not valid. Loading of assembly skipped.
Assembly Assembly-CSharp-firstpass.dll at Library/ScriptAssemblies/Assembly-CSharp-firstpass.dll not valid. Loading of assembly skipped.
Assembly Cinemachine.Editor.Tests.dll at Library/ScriptAssemblies/Cinemachine.Editor.Tests.dll not valid. Loading of assembly skipped.
Assembly Cinemachine.Runtime.Tests.dll at Library/ScriptAssemblies/Cinemachine.Runtime.Tests.dll not valid. Loading of assembly skipped.
Assembly DocCodeExamples.dll at Library/ScriptAssemblies/DocCodeExamples.dll not valid. Loading of assembly skipped.
Assembly TestNewCustomAssembly.dll at Library/ScriptAssemblies/TestNewCustomAssembly.dll not valid. Loading of assembly skipped.
Assembly Unity.Multiplayer.Center.Editor.Tests.dll at Library/ScriptAssemblies/Unity.Multiplayer.Center.Editor.Tests.dll not valid. Loading of assembly skipped.
Assembly Unity.Multiplayer.Center.Tests.dll at Library/ScriptAssemblies/Unity.Multiplayer.Center.Tests.dll not valid. Loading of assembly skipped.
Assembly Unity.Performance.Profile-Analyzer.EditorTests.dll at Library/ScriptAssemblies/Unity.Performance.Profile-Analyzer.EditorTests.dll not valid. Loading of assembly skipped.
Assembly Unity.Settings.Tests.dll at Library/ScriptAssemblies/Unity.Settings.Tests.dll not valid. Loading of assembly skipped.
Assembly Unity.TestTools.CodeCoverage.Editor.Compatibility.dll at Library/ScriptAssemblies/Unity.TestTools.CodeCoverage.Editor.Compatibility.dll not valid. Loading of assembly skipped.
Assembly Unity.TextMeshPro.Editor.Tests.dll at Library/ScriptAssemblies/Unity.TextMeshPro.Editor.Tests.dll not valid. Loading of assembly skipped.
Assembly Unity.TextMeshPro.Tests.dll at Library/ScriptAssemblies/Unity.TextMeshPro.Tests.dll not valid. Loading of assembly skipped.
Assembly UnityEditor.UI.Common.Tests.dll at Library/ScriptAssemblies/UnityEditor.UI.Common.Tests.dll not valid. Loading of assembly skipped.
Assembly UnityEditor.UI.EditorTests.dll at Library/ScriptAssemblies/UnityEditor.UI.EditorTests.dll not valid. Loading of assembly skipped.
Assembly UnityEngine.UI.Tests.dll at Library/ScriptAssemblies/UnityEngine.UI.Tests.dll not valid. Loading of assembly skipped.
Refreshing native plugins compatible for Editor in 2.19 ms, found 3 plugins.
Assertion failed on expression: 'pred(*previous, *i)'
Native extension for WindowsStandalone target not found
[Package Manager] Failed to launch server process. Reason: Unity was launched with the -noUpm command-line argument
[Package Manager] Unable to send message (not connected to server process).
[Package Manager] Cannot connect to Unity Package Manager local server
[Package Manager] Failed to launch server process. Reason: Unity was launched with the -noUpm command-line argument
[Package Manager] Unable to send message (not connected to server process).
[Package Manager] Cannot connect to Unity Package Manager local server
ScheduleIndexationOnStartup MainProcess:False IndexOnStartup:True
Mono: successfully reloaded assembly
- Finished resetting the current domain, in  0.755 seconds
Domain Reload Profiling: 2045ms
	BeginReloadAssembly (282ms)
		DisableScriptedObjects (6ms)
		CreateAndSetChildDomain (56ms)
	RebuildCommonClasses (47ms)
	RebuildNativeTypeToScriptingClass (13ms)
	initialDomainReloadingComplete (83ms)
	LoadAllAssembliesAndSetupDomain (864ms)
		LoadAssemblies (807ms)
		AnalyzeDomain (211ms)
			TypeCache.Refresh (24ms)
			BuildScriptInfoCaches (176ms)
			ResolveRequiredComponents (8ms)
	FinalizeReload (755ms)
		SetupLoadedEditorAssemblies (0ms)
			BeforeProcessingInitializeOnLoad (135ms)
			ProcessInitializeOnLoadAttributes (402ms)
			ProcessInitializeOnLoadMethodAttributes (46ms)
			AfterProcessingInitializeOnLoad (11ms)
		AwakeInstancesAfterBackupRestoration (7ms)
Unloading 1 Unused Serialized files (Serialized files now loaded: 0)
Unloading 3791 unused Assets / (1.1 MB). Loaded Objects now: 4446.
Memory consumption went from 134.0 MB to 132.9 MB.
Total: 7.258300 ms (FindLiveObjects: 0.548000 ms CreateObjectMapping: 0.248000 ms MarkObjects: 5.255000 ms  DeleteObjects: 1.206300 ms)

Prepare: number of updated asset objects reloaded= 0
========================================================================
Received Prepare
Begin MonoManager ReloadAssembly
Assembly Assembly-CSharp-Editor-firstpass.dll at Library/ScriptAssemblies/Assembly-CSharp-Editor-firstpass.dll not valid. Loading of assembly skipped.
Assembly Assembly-CSharp-firstpass.dll at Library/ScriptAssemblies/Assembly-CSharp-firstpass.dll not valid. Loading of assembly skipped.
Assembly Cinemachine.Editor.Tests.dll at Library/ScriptAssemblies/Cinemachine.Editor.Tests.dll not valid. Loading of assembly skipped.
Assembly Cinemachine.Runtime.Tests.dll at Library/ScriptAssemblies/Cinemachine.Runtime.Tests.dll not valid. Loading of assembly skipped.
Assembly DocCodeExamples.dll at Library/ScriptAssemblies/DocCodeExamples.dll not valid. Loading of assembly skipped.
Assembly TestNewCustomAssembly.dll at Library/ScriptAssemblies/TestNewCustomAssembly.dll not valid. Loading of assembly skipped.
Assembly Unity.Multiplayer.Center.Editor.Tests.dll at Library/ScriptAssemblies/Unity.Multiplayer.Center.Editor.Tests.dll not valid. Loading of assembly skipped.
Assembly Unity.Multiplayer.Center.Tests.dll at Library/ScriptAssemblies/Unity.Multiplayer.Center.Tests.dll not valid. Loading of assembly skipped.
Assembly Unity.Performance.Profile-Analyzer.EditorTests.dll at Library/ScriptAssemblies/Unity.Performance.Profile-Analyzer.EditorTests.dll not valid. Loading of assembly skipped.
Assembly Unity.Settings.Tests.dll at Library/ScriptAssemblies/Unity.Settings.Tests.dll not valid. Loading of assembly skipped.
Assembly Unity.TestTools.CodeCoverage.Editor.Compatibility.dll at Library/ScriptAssemblies/Unity.TestTools.CodeCoverage.Editor.Compatibility.dll not valid. Loading of assembly skipped.
Assembly Unity.TextMeshPro.Editor.Tests.dll at Library/ScriptAssemblies/Unity.TextMeshPro.Editor.Tests.dll not valid. Loading of assembly skipped.
Assembly Unity.TextMeshPro.Tests.dll at Library/ScriptAssemblies/Unity.TextMeshPro.Tests.dll not valid. Loading of assembly skipped.
Assembly UnityEditor.UI.Common.Tests.dll at Library/ScriptAssemblies/UnityEditor.UI.Common.Tests.dll not valid. Loading of assembly skipped.
Assembly UnityEditor.UI.EditorTests.dll at Library/ScriptAssemblies/UnityEditor.UI.EditorTests.dll not valid. Loading of assembly skipped.
Assembly UnityEngine.UI.Tests.dll at Library/ScriptAssemblies/UnityEngine.UI.Tests.dll not valid. Loading of assembly skipped.
Assertion failed on expression: 'pred(*previous, *i)'
Native extension for WindowsStandalone target not found
[Package Manager] Failed to launch server process. Reason: Unity was launched with the -noUpm command-line argument
[Package Manager] Unable to send message (not connected to server process).
[Package Manager] Cannot connect to Unity Package Manager local server
[Package Manager] Failed to launch server process. Reason: Unity was launched with the -noUpm command-line argument
[Package Manager] Unable to send message (not connected to server process).
[Package Manager] Cannot connect to Unity Package Manager local server
ScheduleIndexationOnStartup MainProcess:False IndexOnStartup:True
Mono: successfully reloaded assembly
- Finished resetting the current domain, in  0.730 seconds
Domain Reload Profiling: 1458ms
	BeginReloadAssembly (241ms)
		DisableScriptedObjects (6ms)
		CreateAndSetChildDomain (57ms)
	RebuildCommonClasses (39ms)
	RebuildNativeTypeToScriptingClass (12ms)
	initialDomainReloadingComplete (74ms)
	LoadAllAssembliesAndSetupDomain (361ms)
		LoadAssemblies (333ms)
		AnalyzeDomain (152ms)
			TypeCache.Refresh (8ms)
			BuildScriptInfoCaches (136ms)
			ResolveRequiredComponents (7ms)
	FinalizeReload (731ms)
		SetupLoadedEditorAssemblies (0ms)
			BeforeProcessingInitializeOnLoad (123ms)
			ProcessInitializeOnLoadAttributes (395ms)
			ProcessInitializeOnLoadMethodAttributes (49ms)
			AfterProcessingInitializeOnLoad (14ms)
		AwakeInstancesAfterBackupRestoration (8ms)
Refreshing native plugins compatible for Editor in 2.18 ms, found 3 plugins.
Unloading 1 Unused Serialized files (Serialized files now loaded: 0)
Unloading 3791 unused Assets / (1.1 MB). Loaded Objects now: 4447.
Memory consumption went from 135.5 MB to 134.4 MB.
Total: 7.757000 ms (FindLiveObjects: 0.551700 ms CreateObjectMapping: 0.333500 ms MarkObjects: 5.657500 ms  DeleteObjects: 1.213300 ms)

Prepare: number of updated asset objects reloaded= 0
========================================================================
Received Prepare
Begin MonoManager ReloadAssembly
Assembly Assembly-CSharp-Editor-firstpass.dll at Library/ScriptAssemblies/Assembly-CSharp-Editor-firstpass.dll not valid. Loading of assembly skipped.
Assembly Assembly-CSharp-firstpass.dll at Library/ScriptAssemblies/Assembly-CSharp-firstpass.dll not valid. Loading of assembly skipped.
Assembly Cinemachine.Editor.Tests.dll at Library/ScriptAssemblies/Cinemachine.Editor.Tests.dll not valid. Loading of assembly skipped.
Assembly Cinemachine.Runtime.Tests.dll at Library/ScriptAssemblies/Cinemachine.Runtime.Tests.dll not valid. Loading of assembly skipped.
Assembly DocCodeExamples.dll at Library/ScriptAssemblies/DocCodeExamples.dll not valid. Loading of assembly skipped.
Assembly TestNewCustomAssembly.dll at Library/ScriptAssemblies/TestNewCustomAssembly.dll not valid. Loading of assembly skipped.
Assembly Unity.Multiplayer.Center.Editor.Tests.dll at Library/ScriptAssemblies/Unity.Multiplayer.Center.Editor.Tests.dll not valid. Loading of assembly skipped.
Assembly Unity.Multiplayer.Center.Tests.dll at Library/ScriptAssemblies/Unity.Multiplayer.Center.Tests.dll not valid. Loading of assembly skipped.
Assembly Unity.Performance.Profile-Analyzer.EditorTests.dll at Library/ScriptAssemblies/Unity.Performance.Profile-Analyzer.EditorTests.dll not valid. Loading of assembly skipped.
Assembly Unity.Settings.Tests.dll at Library/ScriptAssemblies/Unity.Settings.Tests.dll not valid. Loading of assembly skipped.
Assembly Unity.TestTools.CodeCoverage.Editor.Compatibility.dll at Library/ScriptAssemblies/Unity.TestTools.CodeCoverage.Editor.Compatibility.dll not valid. Loading of assembly skipped.
Assembly Unity.TextMeshPro.Editor.Tests.dll at Library/ScriptAssemblies/Unity.TextMeshPro.Editor.Tests.dll not valid. Loading of assembly skipped.
Assembly Unity.TextMeshPro.Tests.dll at Library/ScriptAssemblies/Unity.TextMeshPro.Tests.dll not valid. Loading of assembly skipped.
Assembly UnityEditor.UI.Common.Tests.dll at Library/ScriptAssemblies/UnityEditor.UI.Common.Tests.dll not valid. Loading of assembly skipped.
Assembly UnityEditor.UI.EditorTests.dll at Library/ScriptAssemblies/UnityEditor.UI.EditorTests.dll not valid. Loading of assembly skipped.
Assembly UnityEngine.UI.Tests.dll at Library/ScriptAssemblies/UnityEngine.UI.Tests.dll not valid. Loading of assembly skipped.
Assertion failed on expression: 'pred(*previous, *i)'
Native extension for WindowsStandalone target not found
[Package Manager] Failed to launch server process. Reason: Unity was launched with the -noUpm command-line argument
[Package Manager] Unable to send message (not connected to server process).
[Package Manager] Cannot connect to Unity Package Manager local server
[Package Manager] Failed to launch server process. Reason: Unity was launched with the -noUpm command-line argument
[Package Manager] Unable to send message (not connected to server process).
[Package Manager] Cannot connect to Unity Package Manager local server
ScheduleIndexationOnStartup MainProcess:False IndexOnStartup:True
Mono: successfully reloaded assembly
- Finished resetting the current domain, in  0.757 seconds
Domain Reload Profiling: 1586ms
	BeginReloadAssembly (244ms)
		DisableScriptedObjects (6ms)
		CreateAndSetChildDomain (61ms)
	RebuildCommonClasses (50ms)
	RebuildNativeTypeToScriptingClass (14ms)
	initialDomainReloadingComplete (82ms)
	LoadAllAssembliesAndSetupDomain (439ms)
		LoadAssemblies (357ms)
		AnalyzeDomain (205ms)
			TypeCache.Refresh (9ms)
			BuildScriptInfoCaches (188ms)
			ResolveRequiredComponents (7ms)
	FinalizeReload (757ms)
		SetupLoadedEditorAssemblies (0ms)
			BeforeProcessingInitializeOnLoad (132ms)
			ProcessInitializeOnLoadAttributes (395ms)
			ProcessInitializeOnLoadMethodAttributes (47ms)
			AfterProcessingInitializeOnLoad (14ms)
		AwakeInstancesAfterBackupRestoration (8ms)
Unloading 1 Unused Serialized files (Serialized files now loaded: 0)
Unloading 3791 unused Assets / (1.0 MB). Loaded Objects now: 4448.
Memory consumption went from 137.0 MB to 136.0 MB.
Total: 9.175100 ms (FindLiveObjects: 0.550800 ms CreateObjectMapping: 0.265800 ms MarkObjects: 6.857200 ms  DeleteObjects: 1.500100 ms)

Prepare: number of updated asset objects reloaded= 0
========================================================================
Received Prepare
Unloading 1 Unused Serialized files (Serialized files now loaded: 0)
Unloading 3786 unused Assets / (1.2 MB). Loaded Objects now: 4448.
Memory consumption went from 138.7 MB to 137.6 MB.
Total: 12.085100 ms (FindLiveObjects: 0.682600 ms CreateObjectMapping: 0.575400 ms MarkObjects: 8.899400 ms  DeleteObjects: 1.926200 ms)

Prepare: number of updated asset objects reloaded= 0
========================================================================
Received Prepare
Begin MonoManager ReloadAssembly
Assembly Assembly-CSharp-Editor-firstpass.dll at Library/ScriptAssemblies/Assembly-CSharp-Editor-firstpass.dll not valid. Loading of assembly skipped.
Assembly Assembly-CSharp-firstpass.dll at Library/ScriptAssemblies/Assembly-CSharp-firstpass.dll not valid. Loading of assembly skipped.
Assembly Cinemachine.Editor.Tests.dll at Library/ScriptAssemblies/Cinemachine.Editor.Tests.dll not valid. Loading of assembly skipped.
Assembly Cinemachine.Runtime.Tests.dll at Library/ScriptAssemblies/Cinemachine.Runtime.Tests.dll not valid. Loading of assembly skipped.
Assembly DocCodeExamples.dll at Library/ScriptAssemblies/DocCodeExamples.dll not valid. Loading of assembly skipped.
Assembly TestNewCustomAssembly.dll at Library/ScriptAssemblies/TestNewCustomAssembly.dll not valid. Loading of assembly skipped.
Assembly Unity.Multiplayer.Center.Editor.Tests.dll at Library/ScriptAssemblies/Unity.Multiplayer.Center.Editor.Tests.dll not valid. Loading of assembly skipped.
Assembly Unity.Multiplayer.Center.Tests.dll at Library/ScriptAssemblies/Unity.Multiplayer.Center.Tests.dll not valid. Loading of assembly skipped.
Assembly Unity.Performance.Profile-Analyzer.EditorTests.dll at Library/ScriptAssemblies/Unity.Performance.Profile-Analyzer.EditorTests.dll not valid. Loading of assembly skipped.
Assembly Unity.Settings.Tests.dll at Library/ScriptAssemblies/Unity.Settings.Tests.dll not valid. Loading of assembly skipped.
Assembly Unity.TestTools.CodeCoverage.Editor.Compatibility.dll at Library/ScriptAssemblies/Unity.TestTools.CodeCoverage.Editor.Compatibility.dll not valid. Loading of assembly skipped.
Assembly Unity.TextMeshPro.Editor.Tests.dll at Library/ScriptAssemblies/Unity.TextMeshPro.Editor.Tests.dll not valid. Loading of assembly skipped.
Assembly Unity.TextMeshPro.Tests.dll at Library/ScriptAssemblies/Unity.TextMeshPro.Tests.dll not valid. Loading of assembly skipped.
Assembly UnityEditor.UI.Common.Tests.dll at Library/ScriptAssemblies/UnityEditor.UI.Common.Tests.dll not valid. Loading of assembly skipped.
Assembly UnityEditor.UI.EditorTests.dll at Library/ScriptAssemblies/UnityEditor.UI.EditorTests.dll not valid. Loading of assembly skipped.
Assembly UnityEngine.UI.Tests.dll at Library/ScriptAssemblies/UnityEngine.UI.Tests.dll not valid. Loading of assembly skipped.
Refreshing native plugins compatible for Editor in 2.70 ms, found 3 plugins.
Assertion failed on expression: 'pred(*previous, *i)'
Native extension for WindowsStandalone target not found
[Package Manager] Failed to launch server process. Reason: Unity was launched with the -noUpm command-line argument
[Package Manager] Unable to send message (not connected to server process).
[Package Manager] Cannot connect to Unity Package Manager local server
[Package Manager] Failed to launch server process. Reason: Unity was launched with the -noUpm command-line argument
[Package Manager] Unable to send message (not connected to server process).
[Package Manager] Cannot connect to Unity Package Manager local server
ScheduleIndexationOnStartup MainProcess:False IndexOnStartup:True
Mono: successfully reloaded assembly
- Finished resetting the current domain, in  0.983 seconds
Domain Reload Profiling: 1972ms
	BeginReloadAssembly (305ms)
		DisableScriptedObjects (8ms)
		CreateAndSetChildDomain (78ms)
	RebuildCommonClasses (64ms)
	RebuildNativeTypeToScriptingClass (14ms)
	initialDomainReloadingComplete (108ms)
	LoadAllAssembliesAndSetupDomain (498ms)
		LoadAssemblies (441ms)
		AnalyzeDomain (208ms)
			TypeCache.Refresh (14ms)
			BuildScriptInfoCaches (180ms)
			ResolveRequiredComponents (11ms)
	FinalizeReload (983ms)
		SetupLoadedEditorAssemblies (0ms)
			InitializePlatformSupportModulesInManaged (3ms)
			BeforeProcessingInitializeOnLoad (195ms)
			ProcessInitializeOnLoadAttributes (524ms)
			ProcessInitializeOnLoadMethodAttributes (49ms)
			AfterProcessingInitializeOnLoad (15ms)
		AwakeInstancesAfterBackupRestoration (12ms)
Unloading 1 Unused Serialized files (Serialized files now loaded: 0)
Unloading 3791 unused Assets / (1.1 MB). Loaded Objects now: 4449.
Memory consumption went from 140.1 MB to 139.0 MB.
Total: 9.583100 ms (FindLiveObjects: 0.684900 ms CreateObjectMapping: 0.441300 ms MarkObjects: 7.089500 ms  DeleteObjects: 1.365900 ms)

Prepare: number of updated asset objects reloaded= 0
========================================================================
Received Prepare
Refreshing native plugins compatible for Editor in 2.30 ms, found 3 plugins.
Unloading 1 Unused Serialized files (Serialized files now loaded: 0)
Unloading 3786 unused Assets / (1.3 MB). Loaded Objects now: 4449.
Memory consumption went from 141.8 MB to 140.5 MB.
Total: 11.714600 ms (FindLiveObjects: 0.936200 ms CreateObjectMapping: 0.738900 ms MarkObjects: 8.333400 ms  DeleteObjects: 1.704200 ms)

Prepare: number of updated asset objects reloaded= 0
========================================================================
Received Prepare
Begin MonoManager ReloadAssembly
[Licensing::Client] Successfully resolved entitlement details
Assembly Assembly-CSharp-Editor-firstpass.dll at Library/ScriptAssemblies/Assembly-CSharp-Editor-firstpass.dll not valid. Loading of assembly skipped.
Assembly Assembly-CSharp-firstpass.dll at Library/ScriptAssemblies/Assembly-CSharp-firstpass.dll not valid. Loading of assembly skipped.
Assembly Cinemachine.Editor.Tests.dll at Library/ScriptAssemblies/Cinemachine.Editor.Tests.dll not valid. Loading of assembly skipped.
Assembly Cinemachine.Runtime.Tests.dll at Library/ScriptAssemblies/Cinemachine.Runtime.Tests.dll not valid. Loading of assembly skipped.
Assembly DocCodeExamples.dll at Library/ScriptAssemblies/DocCodeExamples.dll not valid. Loading of assembly skipped.
Assembly TestNewCustomAssembly.dll at Library/ScriptAssemblies/TestNewCustomAssembly.dll not valid. Loading of assembly skipped.
Assembly Unity.Multiplayer.Center.Editor.Tests.dll at Library/ScriptAssemblies/Unity.Multiplayer.Center.Editor.Tests.dll not valid. Loading of assembly skipped.
Assembly Unity.Multiplayer.Center.Tests.dll at Library/ScriptAssemblies/Unity.Multiplayer.Center.Tests.dll not valid. Loading of assembly skipped.
Assembly Unity.Performance.Profile-Analyzer.EditorTests.dll at Library/ScriptAssemblies/Unity.Performance.Profile-Analyzer.EditorTests.dll not valid. Loading of assembly skipped.
Assembly Unity.Settings.Tests.dll at Library/ScriptAssemblies/Unity.Settings.Tests.dll not valid. Loading of assembly skipped.
Assembly Unity.TestTools.CodeCoverage.Editor.Compatibility.dll at Library/ScriptAssemblies/Unity.TestTools.CodeCoverage.Editor.Compatibility.dll not valid. Loading of assembly skipped.
Assembly Unity.TextMeshPro.Editor.Tests.dll at Library/ScriptAssemblies/Unity.TextMeshPro.Editor.Tests.dll not valid. Loading of assembly skipped.
Assembly Unity.TextMeshPro.Tests.dll at Library/ScriptAssemblies/Unity.TextMeshPro.Tests.dll not valid. Loading of assembly skipped.
Assembly UnityEditor.UI.Common.Tests.dll at Library/ScriptAssemblies/UnityEditor.UI.Common.Tests.dll not valid. Loading of assembly skipped.
Assembly UnityEditor.UI.EditorTests.dll at Library/ScriptAssemblies/UnityEditor.UI.EditorTests.dll not valid. Loading of assembly skipped.
Assembly UnityEngine.UI.Tests.dll at Library/ScriptAssemblies/UnityEngine.UI.Tests.dll not valid. Loading of assembly skipped.
Assertion failed on expression: 'pred(*previous, *i)'
Native extension for WindowsStandalone target not found
[Package Manager] Failed to launch server process. Reason: Unity was launched with the -noUpm command-line argument
[Package Manager] Unable to send message (not connected to server process).
[Package Manager] Cannot connect to Unity Package Manager local server
[Package Manager] Failed to launch server process. Reason: Unity was launched with the -noUpm command-line argument
[Package Manager] Unable to send message (not connected to server process).
[Package Manager] Cannot connect to Unity Package Manager local server
ScheduleIndexationOnStartup MainProcess:False IndexOnStartup:True
Mono: successfully reloaded assembly
- Finished resetting the current domain, in  0.873 seconds
Domain Reload Profiling: 2185ms
	BeginReloadAssembly (319ms)
		DisableScriptedObjects (7ms)
		CreateAndSetChildDomain (82ms)
	RebuildCommonClasses (63ms)
	RebuildNativeTypeToScriptingClass (15ms)
	initialDomainReloadingComplete (101ms)
	LoadAllAssembliesAndSetupDomain (813ms)
		LoadAssemblies (748ms)
		AnalyzeDomain (222ms)
			TypeCache.Refresh (17ms)
			BuildScriptInfoCaches (194ms)
			ResolveRequiredComponents (9ms)
	FinalizeReload (873ms)
		SetupLoadedEditorAssemblies (0ms)
			BeforeProcessingInitializeOnLoad (158ms)
			ProcessInitializeOnLoadAttributes (486ms)
			ProcessInitializeOnLoadMethodAttributes (58ms)
			AfterProcessingInitializeOnLoad (15ms)
		AwakeInstancesAfterBackupRestoration (10ms)
Refreshing native plugins compatible for Editor in 2.13 ms, found 3 plugins.
Unloading 1 Unused Serialized files (Serialized files now loaded: 0)
Unloading 3791 unused Assets / (1.0 MB). Loaded Objects now: 4450.
Memory consumption went from 143.1 MB to 142.1 MB.
Total: 8.439100 ms (FindLiveObjects: 0.729900 ms CreateObjectMapping: 0.706700 ms MarkObjects: 5.582100 ms  DeleteObjects: 1.419400 ms)

Prepare: number of updated asset objects reloaded= 0
========================================================================
Received Prepare
Begin MonoManager ReloadAssembly
Assembly Assembly-CSharp-Editor-firstpass.dll at Library/ScriptAssemblies/Assembly-CSharp-Editor-firstpass.dll not valid. Loading of assembly skipped.
Assembly Assembly-CSharp-firstpass.dll at Library/ScriptAssemblies/Assembly-CSharp-firstpass.dll not valid. Loading of assembly skipped.
Assembly Cinemachine.Editor.Tests.dll at Library/ScriptAssemblies/Cinemachine.Editor.Tests.dll not valid. Loading of assembly skipped.
Assembly Cinemachine.Runtime.Tests.dll at Library/ScriptAssemblies/Cinemachine.Runtime.Tests.dll not valid. Loading of assembly skipped.
Assembly DocCodeExamples.dll at Library/ScriptAssemblies/DocCodeExamples.dll not valid. Loading of assembly skipped.
Assembly TestNewCustomAssembly.dll at Library/ScriptAssemblies/TestNewCustomAssembly.dll not valid. Loading of assembly skipped.
Assembly Unity.Multiplayer.Center.Editor.Tests.dll at Library/ScriptAssemblies/Unity.Multiplayer.Center.Editor.Tests.dll not valid. Loading of assembly skipped.
Assembly Unity.Multiplayer.Center.Tests.dll at Library/ScriptAssemblies/Unity.Multiplayer.Center.Tests.dll not valid. Loading of assembly skipped.
Assembly Unity.Performance.Profile-Analyzer.EditorTests.dll at Library/ScriptAssemblies/Unity.Performance.Profile-Analyzer.EditorTests.dll not valid. Loading of assembly skipped.
Assembly Unity.Settings.Tests.dll at Library/ScriptAssemblies/Unity.Settings.Tests.dll not valid. Loading of assembly skipped.
Assembly Unity.TestTools.CodeCoverage.Editor.Compatibility.dll at Library/ScriptAssemblies/Unity.TestTools.CodeCoverage.Editor.Compatibility.dll not valid. Loading of assembly skipped.
Assembly Unity.TextMeshPro.Editor.Tests.dll at Library/ScriptAssemblies/Unity.TextMeshPro.Editor.Tests.dll not valid. Loading of assembly skipped.
Assembly Unity.TextMeshPro.Tests.dll at Library/ScriptAssemblies/Unity.TextMeshPro.Tests.dll not valid. Loading of assembly skipped.
Assembly UnityEditor.UI.Common.Tests.dll at Library/ScriptAssemblies/UnityEditor.UI.Common.Tests.dll not valid. Loading of assembly skipped.
Assembly UnityEditor.UI.EditorTests.dll at Library/ScriptAssemblies/UnityEditor.UI.EditorTests.dll not valid. Loading of assembly skipped.
Assembly UnityEngine.UI.Tests.dll at Library/ScriptAssemblies/UnityEngine.UI.Tests.dll not valid. Loading of assembly skipped.
Assertion failed on expression: 'pred(*previous, *i)'
Native extension for WindowsStandalone target not found
[Package Manager] Failed to launch server process. Reason: Unity was launched with the -noUpm command-line argument
[Package Manager] Unable to send message (not connected to server process).
[Package Manager] Cannot connect to Unity Package Manager local server
[Package Manager] Failed to launch server process. Reason: Unity was launched with the -noUpm command-line argument
[Package Manager] Unable to send message (not connected to server process).
[Package Manager] Cannot connect to Unity Package Manager local server
ScheduleIndexationOnStartup MainProcess:False IndexOnStartup:True
Mono: successfully reloaded assembly
- Finished resetting the current domain, in  0.747 seconds
Domain Reload Profiling: 1533ms
	BeginReloadAssembly (229ms)
		DisableScriptedObjects (6ms)
		CreateAndSetChildDomain (58ms)
	RebuildCommonClasses (41ms)
	RebuildNativeTypeToScriptingClass (13ms)
	initialDomainReloadingComplete (72ms)
	LoadAllAssembliesAndSetupDomain (430ms)
		LoadAssemblies (339ms)
		AnalyzeDomain (203ms)
			TypeCache.Refresh (44ms)
			BuildScriptInfoCaches (150ms)
			ResolveRequiredComponents (8ms)
	FinalizeReload (747ms)
		SetupLoadedEditorAssemblies (0ms)
			BeforeProcessingInitializeOnLoad (133ms)
			ProcessInitializeOnLoadAttributes (396ms)
			ProcessInitializeOnLoadMethodAttributes (51ms)
			AfterProcessingInitializeOnLoad (11ms)
		AwakeInstancesAfterBackupRestoration (7ms)
Unloading 1 Unused Serialized files (Serialized files now loaded: 0)
Unloading 3791 unused Assets / (1.0 MB). Loaded Objects now: 4451.
Memory consumption went from 144.7 MB to 143.6 MB.
Total: 7.874000 ms (FindLiveObjects: 0.550700 ms CreateObjectMapping: 0.322600 ms MarkObjects: 5.491200 ms  DeleteObjects: 1.508500 ms)

Prepare: number of updated asset objects reloaded= 0
========================================================================
Received Prepare
Unloading 1 Unused Serialized files (Serialized files now loaded: 0)
Unloading 3786 unused Assets / (1.2 MB). Loaded Objects now: 4451.
Memory consumption went from 146.4 MB to 145.1 MB.
Total: 13.640500 ms (FindLiveObjects: 0.695700 ms CreateObjectMapping: 0.343100 ms MarkObjects: 8.794500 ms  DeleteObjects: 3.805000 ms)

Prepare: number of updated asset objects reloaded= 0
========================================================================
Received Prepare
Begin MonoManager ReloadAssembly
[Licensing::Client] Successfully resolved entitlement details
Assembly Assembly-CSharp-Editor-firstpass.dll at Library/ScriptAssemblies/Assembly-CSharp-Editor-firstpass.dll not valid. Loading of assembly skipped.
Assembly Assembly-CSharp-firstpass.dll at Library/ScriptAssemblies/Assembly-CSharp-firstpass.dll not valid. Loading of assembly skipped.
Assembly Cinemachine.Editor.Tests.dll at Library/ScriptAssemblies/Cinemachine.Editor.Tests.dll not valid. Loading of assembly skipped.
Assembly Cinemachine.Runtime.Tests.dll at Library/ScriptAssemblies/Cinemachine.Runtime.Tests.dll not valid. Loading of assembly skipped.
Assembly DocCodeExamples.dll at Library/ScriptAssemblies/DocCodeExamples.dll not valid. Loading of assembly skipped.
Assembly TestNewCustomAssembly.dll at Library/ScriptAssemblies/TestNewCustomAssembly.dll not valid. Loading of assembly skipped.
Assembly Unity.Multiplayer.Center.Editor.Tests.dll at Library/ScriptAssemblies/Unity.Multiplayer.Center.Editor.Tests.dll not valid. Loading of assembly skipped.
Assembly Unity.Multiplayer.Center.Tests.dll at Library/ScriptAssemblies/Unity.Multiplayer.Center.Tests.dll not valid. Loading of assembly skipped.
Assembly Unity.Performance.Profile-Analyzer.EditorTests.dll at Library/ScriptAssemblies/Unity.Performance.Profile-Analyzer.EditorTests.dll not valid. Loading of assembly skipped.
Assembly Unity.Settings.Tests.dll at Library/ScriptAssemblies/Unity.Settings.Tests.dll not valid. Loading of assembly skipped.
Assembly Unity.TestTools.CodeCoverage.Editor.Compatibility.dll at Library/ScriptAssemblies/Unity.TestTools.CodeCoverage.Editor.Compatibility.dll not valid. Loading of assembly skipped.
Assembly Unity.TextMeshPro.Editor.Tests.dll at Library/ScriptAssemblies/Unity.TextMeshPro.Editor.Tests.dll not valid. Loading of assembly skipped.
Assembly Unity.TextMeshPro.Tests.dll at Library/ScriptAssemblies/Unity.TextMeshPro.Tests.dll not valid. Loading of assembly skipped.
Assembly UnityEditor.UI.Common.Tests.dll at Library/ScriptAssemblies/UnityEditor.UI.Common.Tests.dll not valid. Loading of assembly skipped.
Assembly UnityEditor.UI.EditorTests.dll at Library/ScriptAssemblies/UnityEditor.UI.EditorTests.dll not valid. Loading of assembly skipped.
Assembly UnityEngine.UI.Tests.dll at Library/ScriptAssemblies/UnityEngine.UI.Tests.dll not valid. Loading of assembly skipped.
Assertion failed on expression: 'pred(*previous, *i)'
Native extension for WindowsStandalone target not found
[Package Manager] Failed to launch server process. Reason: Unity was launched with the -noUpm command-line argument
[Package Manager] Unable to send message (not connected to server process).
[Package Manager] Cannot connect to Unity Package Manager local server
[Package Manager] Failed to launch server process. Reason: Unity was launched with the -noUpm command-line argument
[Package Manager] Unable to send message (not connected to server process).
[Package Manager] Cannot connect to Unity Package Manager local server
ScheduleIndexationOnStartup MainProcess:False IndexOnStartup:True
Mono: successfully reloaded assembly
- Finished resetting the current domain, in  0.797 seconds
Domain Reload Profiling: 2461ms
	BeginReloadAssembly (261ms)
		DisableScriptedObjects (7ms)
		CreateAndSetChildDomain (50ms)
	RebuildCommonClasses (49ms)
	RebuildNativeTypeToScriptingClass (13ms)
	initialDomainReloadingComplete (89ms)
	LoadAllAssembliesAndSetupDomain (1251ms)
		LoadAssemblies (1224ms)
		AnalyzeDomain (168ms)
			TypeCache.Refresh (17ms)
			BuildScriptInfoCaches (140ms)
			ResolveRequiredComponents (9ms)
	FinalizeReload (798ms)
		SetupLoadedEditorAssemblies (0ms)
			InitializePlatformSupportModulesInManaged (3ms)
			BeforeProcessingInitializeOnLoad (138ms)
			ProcessInitializeOnLoadAttributes (430ms)
			ProcessInitializeOnLoadMethodAttributes (50ms)
			AfterProcessingInitializeOnLoad (11ms)
		AwakeInstancesAfterBackupRestoration (8ms)
Refreshing native plugins compatible for Editor in 2.31 ms, found 3 plugins.
Unloading 1 Unused Serialized files (Serialized files now loaded: 0)
Unloading 3791 unused Assets / (1.1 MB). Loaded Objects now: 4452.
Memory consumption went from 147.7 MB to 146.6 MB.
Total: 10.403200 ms (FindLiveObjects: 0.959400 ms CreateObjectMapping: 0.549800 ms MarkObjects: 7.306800 ms  DeleteObjects: 1.585700 ms)

Prepare: number of updated asset objects reloaded= 0
========================================================================
Received Prepare
Begin MonoManager ReloadAssembly
Assembly Assembly-CSharp-Editor-firstpass.dll at Library/ScriptAssemblies/Assembly-CSharp-Editor-firstpass.dll not valid. Loading of assembly skipped.
Assembly Assembly-CSharp-firstpass.dll at Library/ScriptAssemblies/Assembly-CSharp-firstpass.dll not valid. Loading of assembly skipped.
Assembly Cinemachine.Editor.Tests.dll at Library/ScriptAssemblies/Cinemachine.Editor.Tests.dll not valid. Loading of assembly skipped.
Assembly Cinemachine.Runtime.Tests.dll at Library/ScriptAssemblies/Cinemachine.Runtime.Tests.dll not valid. Loading of assembly skipped.
Assembly DocCodeExamples.dll at Library/ScriptAssemblies/DocCodeExamples.dll not valid. Loading of assembly skipped.
Assembly TestNewCustomAssembly.dll at Library/ScriptAssemblies/TestNewCustomAssembly.dll not valid. Loading of assembly skipped.
Assembly Unity.Multiplayer.Center.Editor.Tests.dll at Library/ScriptAssemblies/Unity.Multiplayer.Center.Editor.Tests.dll not valid. Loading of assembly skipped.
Assembly Unity.Multiplayer.Center.Tests.dll at Library/ScriptAssemblies/Unity.Multiplayer.Center.Tests.dll not valid. Loading of assembly skipped.
Assembly Unity.Performance.Profile-Analyzer.EditorTests.dll at Library/ScriptAssemblies/Unity.Performance.Profile-Analyzer.EditorTests.dll not valid. Loading of assembly skipped.
Assembly Unity.Settings.Tests.dll at Library/ScriptAssemblies/Unity.Settings.Tests.dll not valid. Loading of assembly skipped.
Assembly Unity.TestTools.CodeCoverage.Editor.Compatibility.dll at Library/ScriptAssemblies/Unity.TestTools.CodeCoverage.Editor.Compatibility.dll not valid. Loading of assembly skipped.
Assembly Unity.TextMeshPro.Editor.Tests.dll at Library/ScriptAssemblies/Unity.TextMeshPro.Editor.Tests.dll not valid. Loading of assembly skipped.
Assembly Unity.TextMeshPro.Tests.dll at Library/ScriptAssemblies/Unity.TextMeshPro.Tests.dll not valid. Loading of assembly skipped.
Assembly UnityEditor.UI.Common.Tests.dll at Library/ScriptAssemblies/UnityEditor.UI.Common.Tests.dll not valid. Loading of assembly skipped.
Assembly UnityEditor.UI.EditorTests.dll at Library/ScriptAssemblies/UnityEditor.UI.EditorTests.dll not valid. Loading of assembly skipped.
Assembly UnityEngine.UI.Tests.dll at Library/ScriptAssemblies/UnityEngine.UI.Tests.dll not valid. Loading of assembly skipped.
Refreshing native plugins compatible for Editor in 2.11 ms, found 3 plugins.
Assertion failed on expression: 'pred(*previous, *i)'
Native extension for WindowsStandalone target not found
[Package Manager] Failed to launch server process. Reason: Unity was launched with the -noUpm command-line argument
[Package Manager] Unable to send message (not connected to server process).
[Package Manager] Cannot connect to Unity Package Manager local server
[Package Manager] Failed to launch server process. Reason: Unity was launched with the -noUpm command-line argument
[Package Manager] Unable to send message (not connected to server process).
[Package Manager] Cannot connect to Unity Package Manager local server
ScheduleIndexationOnStartup MainProcess:False IndexOnStartup:True
Mono: successfully reloaded assembly
- Finished resetting the current domain, in  1.060 seconds
Domain Reload Profiling: 2009ms
	BeginReloadAssembly (278ms)
		DisableScriptedObjects (6ms)
		CreateAndSetChildDomain (66ms)
	RebuildCommonClasses (58ms)
	RebuildNativeTypeToScriptingClass (17ms)
	initialDomainReloadingComplete (90ms)
	LoadAllAssembliesAndSetupDomain (505ms)
		LoadAssemblies (443ms)
		AnalyzeDomain (203ms)
			TypeCache.Refresh (10ms)
			BuildScriptInfoCaches (180ms)
			ResolveRequiredComponents (11ms)
	FinalizeReload (1060ms)
		SetupLoadedEditorAssemblies (0ms)
			BeforeProcessingInitializeOnLoad (183ms)
			ProcessInitializeOnLoadAttributes (574ms)
			ProcessInitializeOnLoadMethodAttributes (74ms)
			AfterProcessingInitializeOnLoad (17ms)
		AwakeInstancesAfterBackupRestoration (10ms)
Refreshing native plugins compatible for Editor in 2.44 ms, found 3 plugins.
Unloading 1 Unused Serialized files (Serialized files now loaded: 0)
Unloading 3791 unused Assets / (1.3 MB). Loaded Objects now: 4453.
Memory consumption went from 149.3 MB to 147.9 MB.
Total: 15.555200 ms (FindLiveObjects: 1.360100 ms CreateObjectMapping: 1.201800 ms MarkObjects: 10.010600 ms  DeleteObjects: 2.980300 ms)

Prepare: number of updated asset objects reloaded= 0
========================================================================
Received Prepare
Refreshing native plugins compatible for Editor in 3.19 ms, found 3 plugins.
Unloading 1 Unused Serialized files (Serialized files now loaded: 0)
Unloading 3786 unused Assets / (1.1 MB). Loaded Objects now: 4453.
Memory consumption went from 151.0 MB to 149.8 MB.
Total: 11.372900 ms (FindLiveObjects: 0.807700 ms CreateObjectMapping: 0.625900 ms MarkObjects: 7.906000 ms  DeleteObjects: 2.030800 ms)

Prepare: number of updated asset objects reloaded= 0
========================================================================
Received Prepare
Begin MonoManager ReloadAssembly
[Licensing::Client] Successfully resolved entitlement details
Assembly Assembly-CSharp-Editor-firstpass.dll at Library/ScriptAssemblies/Assembly-CSharp-Editor-firstpass.dll not valid. Loading of assembly skipped.
Assembly Assembly-CSharp-firstpass.dll at Library/ScriptAssemblies/Assembly-CSharp-firstpass.dll not valid. Loading of assembly skipped.
Assembly Cinemachine.Editor.Tests.dll at Library/ScriptAssemblies/Cinemachine.Editor.Tests.dll not valid. Loading of assembly skipped.
Assembly Cinemachine.Runtime.Tests.dll at Library/ScriptAssemblies/Cinemachine.Runtime.Tests.dll not valid. Loading of assembly skipped.
Assembly DocCodeExamples.dll at Library/ScriptAssemblies/DocCodeExamples.dll not valid. Loading of assembly skipped.
Assembly TestNewCustomAssembly.dll at Library/ScriptAssemblies/TestNewCustomAssembly.dll not valid. Loading of assembly skipped.
Assembly Unity.Multiplayer.Center.Editor.Tests.dll at Library/ScriptAssemblies/Unity.Multiplayer.Center.Editor.Tests.dll not valid. Loading of assembly skipped.
Assembly Unity.Multiplayer.Center.Tests.dll at Library/ScriptAssemblies/Unity.Multiplayer.Center.Tests.dll not valid. Loading of assembly skipped.
Assembly Unity.Performance.Profile-Analyzer.EditorTests.dll at Library/ScriptAssemblies/Unity.Performance.Profile-Analyzer.EditorTests.dll not valid. Loading of assembly skipped.
Assembly Unity.Settings.Tests.dll at Library/ScriptAssemblies/Unity.Settings.Tests.dll not valid. Loading of assembly skipped.
Assembly Unity.TestTools.CodeCoverage.Editor.Compatibility.dll at Library/ScriptAssemblies/Unity.TestTools.CodeCoverage.Editor.Compatibility.dll not valid. Loading of assembly skipped.
Assembly Unity.TextMeshPro.Editor.Tests.dll at Library/ScriptAssemblies/Unity.TextMeshPro.Editor.Tests.dll not valid. Loading of assembly skipped.
Assembly Unity.TextMeshPro.Tests.dll at Library/ScriptAssemblies/Unity.TextMeshPro.Tests.dll not valid. Loading of assembly skipped.
Assembly UnityEditor.UI.Common.Tests.dll at Library/ScriptAssemblies/UnityEditor.UI.Common.Tests.dll not valid. Loading of assembly skipped.
Assembly UnityEditor.UI.EditorTests.dll at Library/ScriptAssemblies/UnityEditor.UI.EditorTests.dll not valid. Loading of assembly skipped.
Assembly UnityEngine.UI.Tests.dll at Library/ScriptAssemblies/UnityEngine.UI.Tests.dll not valid. Loading of assembly skipped.
Assertion failed on expression: 'pred(*previous, *i)'
Native extension for WindowsStandalone target not found
[Package Manager] Failed to launch server process. Reason: Unity was launched with the -noUpm command-line argument
[Package Manager] Unable to send message (not connected to server process).
[Package Manager] Cannot connect to Unity Package Manager local server
[Package Manager] Failed to launch server process. Reason: Unity was launched with the -noUpm command-line argument
[Package Manager] Unable to send message (not connected to server process).
[Package Manager] Cannot connect to Unity Package Manager local server
ScheduleIndexationOnStartup MainProcess:False IndexOnStartup:True
Mono: successfully reloaded assembly
- Finished resetting the current domain, in  0.953 seconds
Domain Reload Profiling: 1935ms
	BeginReloadAssembly (240ms)
		DisableScriptedObjects (7ms)
		CreateAndSetChildDomain (47ms)
	RebuildCommonClasses (44ms)
	RebuildNativeTypeToScriptingClass (13ms)
	initialDomainReloadingComplete (74ms)
	LoadAllAssembliesAndSetupDomain (610ms)
		LoadAssemblies (551ms)
		AnalyzeDomain (183ms)
			TypeCache.Refresh (15ms)
			BuildScriptInfoCaches (158ms)
			ResolveRequiredComponents (8ms)
	FinalizeReload (954ms)
		SetupLoadedEditorAssemblies (0ms)
			BeforeProcessingInitializeOnLoad (145ms)
			ProcessInitializeOnLoadAttributes (541ms)
			ProcessInitializeOnLoadMethodAttributes (69ms)
			AfterProcessingInitializeOnLoad (13ms)
		AwakeInstancesAfterBackupRestoration (13ms)
Refreshing native plugins compatible for Editor in 2.34 ms, found 3 plugins.
Unloading 1 Unused Serialized files (Serialized files now loaded: 0)
Unloading 3791 unused Assets / (1.2 MB). Loaded Objects now: 4454.
Memory consumption went from 152.3 MB to 151.2 MB.
Total: 10.812900 ms (FindLiveObjects: 0.561500 ms CreateObjectMapping: 0.300000 ms MarkObjects: 7.285000 ms  DeleteObjects: 2.664800 ms)

Prepare: number of updated asset objects reloaded= 0
========================================================================
Received Prepare
Begin MonoManager ReloadAssembly
Assembly Assembly-CSharp-Editor-firstpass.dll at Library/ScriptAssemblies/Assembly-CSharp-Editor-firstpass.dll not valid. Loading of assembly skipped.
Assembly Assembly-CSharp-firstpass.dll at Library/ScriptAssemblies/Assembly-CSharp-firstpass.dll not valid. Loading of assembly skipped.
Assembly Cinemachine.Editor.Tests.dll at Library/ScriptAssemblies/Cinemachine.Editor.Tests.dll not valid. Loading of assembly skipped.
Assembly Cinemachine.Runtime.Tests.dll at Library/ScriptAssemblies/Cinemachine.Runtime.Tests.dll not valid. Loading of assembly skipped.
Assembly DocCodeExamples.dll at Library/ScriptAssemblies/DocCodeExamples.dll not valid. Loading of assembly skipped.
Assembly TestNewCustomAssembly.dll at Library/ScriptAssemblies/TestNewCustomAssembly.dll not valid. Loading of assembly skipped.
Assembly Unity.Multiplayer.Center.Editor.Tests.dll at Library/ScriptAssemblies/Unity.Multiplayer.Center.Editor.Tests.dll not valid. Loading of assembly skipped.
Assembly Unity.Multiplayer.Center.Tests.dll at Library/ScriptAssemblies/Unity.Multiplayer.Center.Tests.dll not valid. Loading of assembly skipped.
Assembly Unity.Performance.Profile-Analyzer.EditorTests.dll at Library/ScriptAssemblies/Unity.Performance.Profile-Analyzer.EditorTests.dll not valid. Loading of assembly skipped.
Assembly Unity.Settings.Tests.dll at Library/ScriptAssemblies/Unity.Settings.Tests.dll not valid. Loading of assembly skipped.
Assembly Unity.TestTools.CodeCoverage.Editor.Compatibility.dll at Library/ScriptAssemblies/Unity.TestTools.CodeCoverage.Editor.Compatibility.dll not valid. Loading of assembly skipped.
Assembly Unity.TextMeshPro.Editor.Tests.dll at Library/ScriptAssemblies/Unity.TextMeshPro.Editor.Tests.dll not valid. Loading of assembly skipped.
Assembly Unity.TextMeshPro.Tests.dll at Library/ScriptAssemblies/Unity.TextMeshPro.Tests.dll not valid. Loading of assembly skipped.
Assembly UnityEditor.UI.Common.Tests.dll at Library/ScriptAssemblies/UnityEditor.UI.Common.Tests.dll not valid. Loading of assembly skipped.
Assembly UnityEditor.UI.EditorTests.dll at Library/ScriptAssemblies/UnityEditor.UI.EditorTests.dll not valid. Loading of assembly skipped.
Assembly UnityEngine.UI.Tests.dll at Library/ScriptAssemblies/UnityEngine.UI.Tests.dll not valid. Loading of assembly skipped.
Assertion failed on expression: 'pred(*previous, *i)'
Native extension for WindowsStandalone target not found
[Package Manager] Failed to launch server process. Reason: Unity was launched with the -noUpm command-line argument
[Package Manager] Unable to send message (not connected to server process).
[Package Manager] Cannot connect to Unity Package Manager local server
[Package Manager] Failed to launch server process. Reason: Unity was launched with the -noUpm command-line argument
[Package Manager] Unable to send message (not connected to server process).
[Package Manager] Cannot connect to Unity Package Manager local server
ScheduleIndexationOnStartup MainProcess:False IndexOnStartup:True
Mono: successfully reloaded assembly
- Finished resetting the current domain, in  0.782 seconds
Domain Reload Profiling: 1621ms
	BeginReloadAssembly (254ms)
		DisableScriptedObjects (8ms)
		CreateAndSetChildDomain (56ms)
	RebuildCommonClasses (45ms)
	RebuildNativeTypeToScriptingClass (14ms)
	initialDomainReloadingComplete (83ms)
	LoadAllAssembliesAndSetupDomain (443ms)
		LoadAssemblies (365ms)
		AnalyzeDomain (210ms)
			TypeCache.Refresh (9ms)
			BuildScriptInfoCaches (191ms)
			ResolveRequiredComponents (8ms)
	FinalizeReload (782ms)
		SetupLoadedEditorAssemblies (0ms)
			BeforeProcessingInitializeOnLoad (131ms)
			ProcessInitializeOnLoadAttributes (413ms)
			ProcessInitializeOnLoadMethodAttributes (49ms)
			AfterProcessingInitializeOnLoad (12ms)
		AwakeInstancesAfterBackupRestoration (8ms)
Unloading 1 Unused Serialized files (Serialized files now loaded: 0)
Unloading 3791 unused Assets / (1.1 MB). Loaded Objects now: 4455.
Memory consumption went from 153.8 MB to 152.8 MB.
Total: 8.475500 ms (FindLiveObjects: 0.728400 ms CreateObjectMapping: 0.478200 ms MarkObjects: 5.956800 ms  DeleteObjects: 1.310800 ms)

Prepare: number of updated asset objects reloaded= 0
========================================================================
Received Prepare
Begin MonoManager ReloadAssembly
[Licensing::Client] Successfully resolved entitlement details
Assembly Assembly-CSharp-Editor-firstpass.dll at Library/ScriptAssemblies/Assembly-CSharp-Editor-firstpass.dll not valid. Loading of assembly skipped.
Assembly Assembly-CSharp-firstpass.dll at Library/ScriptAssemblies/Assembly-CSharp-firstpass.dll not valid. Loading of assembly skipped.
Assembly Cinemachine.Editor.Tests.dll at Library/ScriptAssemblies/Cinemachine.Editor.Tests.dll not valid. Loading of assembly skipped.
Assembly Cinemachine.Runtime.Tests.dll at Library/ScriptAssemblies/Cinemachine.Runtime.Tests.dll not valid. Loading of assembly skipped.
Assembly DocCodeExamples.dll at Library/ScriptAssemblies/DocCodeExamples.dll not valid. Loading of assembly skipped.
Assembly TestNewCustomAssembly.dll at Library/ScriptAssemblies/TestNewCustomAssembly.dll not valid. Loading of assembly skipped.
Assembly Unity.Multiplayer.Center.Editor.Tests.dll at Library/ScriptAssemblies/Unity.Multiplayer.Center.Editor.Tests.dll not valid. Loading of assembly skipped.
Assembly Unity.Multiplayer.Center.Tests.dll at Library/ScriptAssemblies/Unity.Multiplayer.Center.Tests.dll not valid. Loading of assembly skipped.
Assembly Unity.Performance.Profile-Analyzer.EditorTests.dll at Library/ScriptAssemblies/Unity.Performance.Profile-Analyzer.EditorTests.dll not valid. Loading of assembly skipped.
Assembly Unity.Settings.Tests.dll at Library/ScriptAssemblies/Unity.Settings.Tests.dll not valid. Loading of assembly skipped.
Assembly Unity.TestTools.CodeCoverage.Editor.Compatibility.dll at Library/ScriptAssemblies/Unity.TestTools.CodeCoverage.Editor.Compatibility.dll not valid. Loading of assembly skipped.
Assembly Unity.TextMeshPro.Editor.Tests.dll at Library/ScriptAssemblies/Unity.TextMeshPro.Editor.Tests.dll not valid. Loading of assembly skipped.
Assembly Unity.TextMeshPro.Tests.dll at Library/ScriptAssemblies/Unity.TextMeshPro.Tests.dll not valid. Loading of assembly skipped.
Assembly UnityEditor.UI.Common.Tests.dll at Library/ScriptAssemblies/UnityEditor.UI.Common.Tests.dll not valid. Loading of assembly skipped.
Assembly UnityEditor.UI.EditorTests.dll at Library/ScriptAssemblies/UnityEditor.UI.EditorTests.dll not valid. Loading of assembly skipped.
Assembly UnityEngine.UI.Tests.dll at Library/ScriptAssemblies/UnityEngine.UI.Tests.dll not valid. Loading of assembly skipped.
Refreshing native plugins compatible for Editor in 2.10 ms, found 3 plugins.
Assertion failed on expression: 'pred(*previous, *i)'
Native extension for WindowsStandalone target not found
[Package Manager] Failed to launch server process. Reason: Unity was launched with the -noUpm command-line argument
[Package Manager] Unable to send message (not connected to server process).
[Package Manager] Cannot connect to Unity Package Manager local server
[Package Manager] Failed to launch server process. Reason: Unity was launched with the -noUpm command-line argument
[Package Manager] Unable to send message (not connected to server process).
[Package Manager] Cannot connect to Unity Package Manager local server
ScheduleIndexationOnStartup MainProcess:False IndexOnStartup:True
Mono: successfully reloaded assembly
- Finished resetting the current domain, in  0.895 seconds
Domain Reload Profiling: 1723ms
	BeginReloadAssembly (238ms)
		DisableScriptedObjects (6ms)
		CreateAndSetChildDomain (59ms)
	RebuildCommonClasses (41ms)
	RebuildNativeTypeToScriptingClass (13ms)
	initialDomainReloadingComplete (82ms)
	LoadAllAssembliesAndSetupDomain (453ms)
		LoadAssemblies (396ms)
		AnalyzeDomain (174ms)
			TypeCache.Refresh (9ms)
			BuildScriptInfoCaches (156ms)
			ResolveRequiredComponents (8ms)
	FinalizeReload (896ms)
		SetupLoadedEditorAssemblies (0ms)
			InitializePlatformSupportModulesInManaged (3ms)
			BeforeProcessingInitializeOnLoad (160ms)
			ProcessInitializeOnLoadAttributes (449ms)
			ProcessInitializeOnLoadMethodAttributes (54ms)
			AfterProcessingInitializeOnLoad (11ms)
		AwakeInstancesAfterBackupRestoration (7ms)
Refreshing native plugins compatible for Editor in 2.38 ms, found 3 plugins.
Unloading 1 Unused Serialized files (Serialized files now loaded: 0)
Unloading 3791 unused Assets / (1.1 MB). Loaded Objects now: 4456.
Memory consumption went from 155.4 MB to 154.3 MB.
Total: 13.400400 ms (FindLiveObjects: 1.616300 ms CreateObjectMapping: 1.094500 ms MarkObjects: 8.349000 ms  DeleteObjects: 2.339000 ms)

Prepare: number of updated asset objects reloaded= 0
========================================================================
Received Prepare
Refreshing native plugins compatible for Editor in 3.39 ms, found 3 plugins.
Unloading 1 Unused Serialized files (Serialized files now loaded: 0)
Unloading 3786 unused Assets / (1.0 MB). Loaded Objects now: 4456.
Memory consumption went from 157.1 MB to 156.1 MB.
Total: 17.618200 ms (FindLiveObjects: 1.423900 ms CreateObjectMapping: 1.281200 ms MarkObjects: 12.785200 ms  DeleteObjects: 2.125200 ms)

Prepare: number of updated asset objects reloaded= 0
========================================================================
Received Prepare
Begin MonoManager ReloadAssembly
[Licensing::Client] Successfully resolved entitlement details
Assembly Assembly-CSharp-Editor-firstpass.dll at Library/ScriptAssemblies/Assembly-CSharp-Editor-firstpass.dll not valid. Loading of assembly skipped.
Assembly Assembly-CSharp-firstpass.dll at Library/ScriptAssemblies/Assembly-CSharp-firstpass.dll not valid. Loading of assembly skipped.
Assembly Cinemachine.Editor.Tests.dll at Library/ScriptAssemblies/Cinemachine.Editor.Tests.dll not valid. Loading of assembly skipped.
Assembly Cinemachine.Runtime.Tests.dll at Library/ScriptAssemblies/Cinemachine.Runtime.Tests.dll not valid. Loading of assembly skipped.
Assembly DocCodeExamples.dll at Library/ScriptAssemblies/DocCodeExamples.dll not valid. Loading of assembly skipped.
Assembly TestNewCustomAssembly.dll at Library/ScriptAssemblies/TestNewCustomAssembly.dll not valid. Loading of assembly skipped.
Assembly Unity.Multiplayer.Center.Editor.Tests.dll at Library/ScriptAssemblies/Unity.Multiplayer.Center.Editor.Tests.dll not valid. Loading of assembly skipped.
Assembly Unity.Multiplayer.Center.Tests.dll at Library/ScriptAssemblies/Unity.Multiplayer.Center.Tests.dll not valid. Loading of assembly skipped.
Assembly Unity.Performance.Profile-Analyzer.EditorTests.dll at Library/ScriptAssemblies/Unity.Performance.Profile-Analyzer.EditorTests.dll not valid. Loading of assembly skipped.
Assembly Unity.Settings.Tests.dll at Library/ScriptAssemblies/Unity.Settings.Tests.dll not valid. Loading of assembly skipped.
Assembly Unity.TestTools.CodeCoverage.Editor.Compatibility.dll at Library/ScriptAssemblies/Unity.TestTools.CodeCoverage.Editor.Compatibility.dll not valid. Loading of assembly skipped.
Assembly Unity.TextMeshPro.Editor.Tests.dll at Library/ScriptAssemblies/Unity.TextMeshPro.Editor.Tests.dll not valid. Loading of assembly skipped.
Assembly Unity.TextMeshPro.Tests.dll at Library/ScriptAssemblies/Unity.TextMeshPro.Tests.dll not valid. Loading of assembly skipped.
Assembly UnityEditor.UI.Common.Tests.dll at Library/ScriptAssemblies/UnityEditor.UI.Common.Tests.dll not valid. Loading of assembly skipped.
Assembly UnityEditor.UI.EditorTests.dll at Library/ScriptAssemblies/UnityEditor.UI.EditorTests.dll not valid. Loading of assembly skipped.
Assembly UnityEngine.UI.Tests.dll at Library/ScriptAssemblies/UnityEngine.UI.Tests.dll not valid. Loading of assembly skipped.
Assertion failed on expression: 'pred(*previous, *i)'
Native extension for WindowsStandalone target not found
[Package Manager] Failed to launch server process. Reason: Unity was launched with the -noUpm command-line argument
[Package Manager] Unable to send message (not connected to server process).
[Package Manager] Cannot connect to Unity Package Manager local server
[Package Manager] Failed to launch server process. Reason: Unity was launched with the -noUpm command-line argument
[Package Manager] Unable to send message (not connected to server process).
[Package Manager] Cannot connect to Unity Package Manager local server
ScheduleIndexationOnStartup MainProcess:False IndexOnStartup:True
Mono: successfully reloaded assembly
- Finished resetting the current domain, in  0.932 seconds
Domain Reload Profiling: 2170ms
	BeginReloadAssembly (237ms)
		DisableScriptedObjects (6ms)
		CreateAndSetChildDomain (53ms)
	RebuildCommonClasses (44ms)
	RebuildNativeTypeToScriptingClass (16ms)
	initialDomainReloadingComplete (89ms)
	LoadAllAssembliesAndSetupDomain (852ms)
		LoadAssemblies (821ms)
		AnalyzeDomain (154ms)
			TypeCache.Refresh (9ms)
			BuildScriptInfoCaches (135ms)
			ResolveRequiredComponents (7ms)
	FinalizeReload (932ms)
		SetupLoadedEditorAssemblies (0ms)
			InitializePlatformSupportModulesInManaged (3ms)
			BeforeProcessingInitializeOnLoad (209ms)
			ProcessInitializeOnLoadAttributes (459ms)
			ProcessInitializeOnLoadMethodAttributes (51ms)
			AfterProcessingInitializeOnLoad (11ms)
		AwakeInstancesAfterBackupRestoration (7ms)
Unloading 1 Unused Serialized files (Serialized files now loaded: 0)
Unloading 3791 unused Assets / (1.1 MB). Loaded Objects now: 4457.
Memory consumption went from 158.4 MB to 157.4 MB.
Total: 8.548400 ms (FindLiveObjects: 0.520800 ms CreateObjectMapping: 0.260200 ms MarkObjects: 6.480300 ms  DeleteObjects: 1.285900 ms)

Prepare: number of updated asset objects reloaded= 0
========================================================================
Received Prepare
Begin MonoManager ReloadAssembly
Assembly Assembly-CSharp-Editor-firstpass.dll at Library/ScriptAssemblies/Assembly-CSharp-Editor-firstpass.dll not valid. Loading of assembly skipped.
Assembly Assembly-CSharp-firstpass.dll at Library/ScriptAssemblies/Assembly-CSharp-firstpass.dll not valid. Loading of assembly skipped.
Assembly Cinemachine.Editor.Tests.dll at Library/ScriptAssemblies/Cinemachine.Editor.Tests.dll not valid. Loading of assembly skipped.
Assembly Cinemachine.Runtime.Tests.dll at Library/ScriptAssemblies/Cinemachine.Runtime.Tests.dll not valid. Loading of assembly skipped.
Assembly DocCodeExamples.dll at Library/ScriptAssemblies/DocCodeExamples.dll not valid. Loading of assembly skipped.
Assembly TestNewCustomAssembly.dll at Library/ScriptAssemblies/TestNewCustomAssembly.dll not valid. Loading of assembly skipped.
Assembly Unity.Multiplayer.Center.Editor.Tests.dll at Library/ScriptAssemblies/Unity.Multiplayer.Center.Editor.Tests.dll not valid. Loading of assembly skipped.
Assembly Unity.Multiplayer.Center.Tests.dll at Library/ScriptAssemblies/Unity.Multiplayer.Center.Tests.dll not valid. Loading of assembly skipped.
Assembly Unity.Performance.Profile-Analyzer.EditorTests.dll at Library/ScriptAssemblies/Unity.Performance.Profile-Analyzer.EditorTests.dll not valid. Loading of assembly skipped.
Assembly Unity.Settings.Tests.dll at Library/ScriptAssemblies/Unity.Settings.Tests.dll not valid. Loading of assembly skipped.
Assembly Unity.TestTools.CodeCoverage.Editor.Compatibility.dll at Library/ScriptAssemblies/Unity.TestTools.CodeCoverage.Editor.Compatibility.dll not valid. Loading of assembly skipped.
Assembly Unity.TextMeshPro.Editor.Tests.dll at Library/ScriptAssemblies/Unity.TextMeshPro.Editor.Tests.dll not valid. Loading of assembly skipped.
Assembly Unity.TextMeshPro.Tests.dll at Library/ScriptAssemblies/Unity.TextMeshPro.Tests.dll not valid. Loading of assembly skipped.
Assembly UnityEditor.UI.Common.Tests.dll at Library/ScriptAssemblies/UnityEditor.UI.Common.Tests.dll not valid. Loading of assembly skipped.
Assembly UnityEditor.UI.EditorTests.dll at Library/ScriptAssemblies/UnityEditor.UI.EditorTests.dll not valid. Loading of assembly skipped.
Assembly UnityEngine.UI.Tests.dll at Library/ScriptAssemblies/UnityEngine.UI.Tests.dll not valid. Loading of assembly skipped.
Assertion failed on expression: 'pred(*previous, *i)'
Native extension for WindowsStandalone target not found
[Package Manager] Failed to launch server process. Reason: Unity was launched with the -noUpm command-line argument
[Package Manager] Unable to send message (not connected to server process).
[Package Manager] Cannot connect to Unity Package Manager local server
[Package Manager] Failed to launch server process. Reason: Unity was launched with the -noUpm command-line argument
[Package Manager] Unable to send message (not connected to server process).
[Package Manager] Cannot connect to Unity Package Manager local server
ScheduleIndexationOnStartup MainProcess:False IndexOnStartup:True
Mono: successfully reloaded assembly
- Finished resetting the current domain, in  0.835 seconds
Domain Reload Profiling: 1620ms
	BeginReloadAssembly (237ms)
		DisableScriptedObjects (6ms)
		CreateAndSetChildDomain (53ms)
	RebuildCommonClasses (42ms)
	RebuildNativeTypeToScriptingClass (13ms)
	initialDomainReloadingComplete (72ms)
	LoadAllAssembliesAndSetupDomain (421ms)
		LoadAssemblies (345ms)
		AnalyzeDomain (198ms)
			TypeCache.Refresh (8ms)
			BuildScriptInfoCaches (181ms)
			ResolveRequiredComponents (7ms)
	FinalizeReload (836ms)
		SetupLoadedEditorAssemblies (0ms)
			BeforeProcessingInitializeOnLoad (151ms)
			ProcessInitializeOnLoadAttributes (460ms)
			ProcessInitializeOnLoadMethodAttributes (50ms)
			AfterProcessingInitializeOnLoad (11ms)
		AwakeInstancesAfterBackupRestoration (8ms)
Unloading 1 Unused Serialized files (Serialized files now loaded: 0)
Unloading 3791 unused Assets / (1.2 MB). Loaded Objects now: 4458.
Memory consumption went from 160.0 MB to 158.8 MB.
Total: 8.074200 ms (FindLiveObjects: 0.515700 ms CreateObjectMapping: 0.385100 ms MarkObjects: 5.818000 ms  DeleteObjects: 1.354600 ms)

Prepare: number of updated asset objects reloaded= 0
========================================================================
Received Prepare
Unloading 1 Unused Serialized files (Serialized files now loaded: 0)
Unloading 3786 unused Assets / (1.1 MB). Loaded Objects now: 4458.
Memory consumption went from 161.7 MB to 160.5 MB.
Total: 8.291700 ms (FindLiveObjects: 0.556000 ms CreateObjectMapping: 0.364200 ms MarkObjects: 5.911900 ms  DeleteObjects: 1.458200 ms)

Prepare: number of updated asset objects reloaded= 0
========================================================================
Received Prepare
Begin MonoManager ReloadAssembly
[Licensing::Client] Successfully resolved entitlement details
Assembly Assembly-CSharp-Editor-firstpass.dll at Library/ScriptAssemblies/Assembly-CSharp-Editor-firstpass.dll not valid. Loading of assembly skipped.
Assembly Assembly-CSharp-firstpass.dll at Library/ScriptAssemblies/Assembly-CSharp-firstpass.dll not valid. Loading of assembly skipped.
Assembly Cinemachine.Editor.Tests.dll at Library/ScriptAssemblies/Cinemachine.Editor.Tests.dll not valid. Loading of assembly skipped.
Assembly Cinemachine.Runtime.Tests.dll at Library/ScriptAssemblies/Cinemachine.Runtime.Tests.dll not valid. Loading of assembly skipped.
Assembly DocCodeExamples.dll at Library/ScriptAssemblies/DocCodeExamples.dll not valid. Loading of assembly skipped.
Assembly TestNewCustomAssembly.dll at Library/ScriptAssemblies/TestNewCustomAssembly.dll not valid. Loading of assembly skipped.
Assembly Unity.Multiplayer.Center.Editor.Tests.dll at Library/ScriptAssemblies/Unity.Multiplayer.Center.Editor.Tests.dll not valid. Loading of assembly skipped.
Assembly Unity.Multiplayer.Center.Tests.dll at Library/ScriptAssemblies/Unity.Multiplayer.Center.Tests.dll not valid. Loading of assembly skipped.
Assembly Unity.Performance.Profile-Analyzer.EditorTests.dll at Library/ScriptAssemblies/Unity.Performance.Profile-Analyzer.EditorTests.dll not valid. Loading of assembly skipped.
Assembly Unity.Settings.Tests.dll at Library/ScriptAssemblies/Unity.Settings.Tests.dll not valid. Loading of assembly skipped.
Assembly Unity.TestTools.CodeCoverage.Editor.Compatibility.dll at Library/ScriptAssemblies/Unity.TestTools.CodeCoverage.Editor.Compatibility.dll not valid. Loading of assembly skipped.
Assembly Unity.TextMeshPro.Editor.Tests.dll at Library/ScriptAssemblies/Unity.TextMeshPro.Editor.Tests.dll not valid. Loading of assembly skipped.
Assembly Unity.TextMeshPro.Tests.dll at Library/ScriptAssemblies/Unity.TextMeshPro.Tests.dll not valid. Loading of assembly skipped.
Assembly UnityEditor.UI.Common.Tests.dll at Library/ScriptAssemblies/UnityEditor.UI.Common.Tests.dll not valid. Loading of assembly skipped.
Assembly UnityEditor.UI.EditorTests.dll at Library/ScriptAssemblies/UnityEditor.UI.EditorTests.dll not valid. Loading of assembly skipped.
Assembly UnityEngine.UI.Tests.dll at Library/ScriptAssemblies/UnityEngine.UI.Tests.dll not valid. Loading of assembly skipped.
Refreshing native plugins compatible for Editor in 2.41 ms, found 3 plugins.
Assertion failed on expression: 'pred(*previous, *i)'
Native extension for WindowsStandalone target not found
[Package Manager] Failed to launch server process. Reason: Unity was launched with the -noUpm command-line argument
[Package Manager] Unable to send message (not connected to server process).
[Package Manager] Cannot connect to Unity Package Manager local server
[Package Manager] Failed to launch server process. Reason: Unity was launched with the -noUpm command-line argument
[Package Manager] Unable to send message (not connected to server process).
[Package Manager] Cannot connect to Unity Package Manager local server
ScheduleIndexationOnStartup MainProcess:False IndexOnStartup:True
Mono: successfully reloaded assembly
- Finished resetting the current domain, in  0.887 seconds
Domain Reload Profiling: 1873ms
	BeginReloadAssembly (296ms)
		DisableScriptedObjects (7ms)
		CreateAndSetChildDomain (65ms)
	RebuildCommonClasses (74ms)
	RebuildNativeTypeToScriptingClass (21ms)
	initialDomainReloadingComplete (97ms)
	LoadAllAssembliesAndSetupDomain (497ms)
		LoadAssemblies (399ms)
		AnalyzeDomain (233ms)
			TypeCache.Refresh (12ms)
			BuildScriptInfoCaches (206ms)
			ResolveRequiredComponents (12ms)
	FinalizeReload (887ms)
		SetupLoadedEditorAssemblies (0ms)
			InitializePlatformSupportModulesInManaged (3ms)
			BeforeProcessingInitializeOnLoad (161ms)
			ProcessInitializeOnLoadAttributes (418ms)
			ProcessInitializeOnLoadMethodAttributes (60ms)
			AfterProcessingInitializeOnLoad (13ms)
		AwakeInstancesAfterBackupRestoration (10ms)
Unloading 1 Unused Serialized files (Serialized files now loaded: 0)
Unloading 3791 unused Assets / (1.0 MB). Loaded Objects now: 4459.
Memory consumption went from 163.0 MB to 162.0 MB.
Total: 7.850800 ms (FindLiveObjects: 0.501800 ms CreateObjectMapping: 0.208200 ms MarkObjects: 5.787500 ms  DeleteObjects: 1.351800 ms)

Prepare: number of updated asset objects reloaded= 0
========================================================================
Received Prepare
Begin MonoManager ReloadAssembly
[Licensing::Client] Successfully resolved entitlement details
Assembly Assembly-CSharp-Editor-firstpass.dll at Library/ScriptAssemblies/Assembly-CSharp-Editor-firstpass.dll not valid. Loading of assembly skipped.
Assembly Assembly-CSharp-firstpass.dll at Library/ScriptAssemblies/Assembly-CSharp-firstpass.dll not valid. Loading of assembly skipped.
Assembly Cinemachine.Editor.Tests.dll at Library/ScriptAssemblies/Cinemachine.Editor.Tests.dll not valid. Loading of assembly skipped.
Assembly Cinemachine.Runtime.Tests.dll at Library/ScriptAssemblies/Cinemachine.Runtime.Tests.dll not valid. Loading of assembly skipped.
Assembly DocCodeExamples.dll at Library/ScriptAssemblies/DocCodeExamples.dll not valid. Loading of assembly skipped.
Assembly TestNewCustomAssembly.dll at Library/ScriptAssemblies/TestNewCustomAssembly.dll not valid. Loading of assembly skipped.
Assembly Unity.Multiplayer.Center.Editor.Tests.dll at Library/ScriptAssemblies/Unity.Multiplayer.Center.Editor.Tests.dll not valid. Loading of assembly skipped.
Assembly Unity.Multiplayer.Center.Tests.dll at Library/ScriptAssemblies/Unity.Multiplayer.Center.Tests.dll not valid. Loading of assembly skipped.
Assembly Unity.Performance.Profile-Analyzer.EditorTests.dll at Library/ScriptAssemblies/Unity.Performance.Profile-Analyzer.EditorTests.dll not valid. Loading of assembly skipped.
Assembly Unity.Settings.Tests.dll at Library/ScriptAssemblies/Unity.Settings.Tests.dll not valid. Loading of assembly skipped.
Assembly Unity.TestTools.CodeCoverage.Editor.Compatibility.dll at Library/ScriptAssemblies/Unity.TestTools.CodeCoverage.Editor.Compatibility.dll not valid. Loading of assembly skipped.
Assembly Unity.TextMeshPro.Editor.Tests.dll at Library/ScriptAssemblies/Unity.TextMeshPro.Editor.Tests.dll not valid. Loading of assembly skipped.
Assembly Unity.TextMeshPro.Tests.dll at Library/ScriptAssemblies/Unity.TextMeshPro.Tests.dll not valid. Loading of assembly skipped.
Assembly UnityEditor.UI.Common.Tests.dll at Library/ScriptAssemblies/UnityEditor.UI.Common.Tests.dll not valid. Loading of assembly skipped.
Assembly UnityEditor.UI.EditorTests.dll at Library/ScriptAssemblies/UnityEditor.UI.EditorTests.dll not valid. Loading of assembly skipped.
Assembly UnityEngine.UI.Tests.dll at Library/ScriptAssemblies/UnityEngine.UI.Tests.dll not valid. Loading of assembly skipped.
Assertion failed on expression: 'pred(*previous, *i)'
Native extension for WindowsStandalone target not found
[Package Manager] Failed to launch server process. Reason: Unity was launched with the -noUpm command-line argument
[Package Manager] Unable to send message (not connected to server process).
[Package Manager] Cannot connect to Unity Package Manager local server
[Package Manager] Failed to launch server process. Reason: Unity was launched with the -noUpm command-line argument
[Package Manager] Unable to send message (not connected to server process).
[Package Manager] Cannot connect to Unity Package Manager local server
ScheduleIndexationOnStartup MainProcess:False IndexOnStartup:True
Mono: successfully reloaded assembly
- Finished resetting the current domain, in  0.707 seconds
Domain Reload Profiling: 1873ms
	BeginReloadAssembly (217ms)
		DisableScriptedObjects (6ms)
		CreateAndSetChildDomain (49ms)
	RebuildCommonClasses (39ms)
	RebuildNativeTypeToScriptingClass (12ms)
	initialDomainReloadingComplete (73ms)
	LoadAllAssembliesAndSetupDomain (824ms)
		LoadAssemblies (782ms)
		AnalyzeDomain (148ms)
			TypeCache.Refresh (8ms)
			BuildScriptInfoCaches (132ms)
			ResolveRequiredComponents (7ms)
	FinalizeReload (707ms)
		SetupLoadedEditorAssemblies (0ms)
			BeforeProcessingInitializeOnLoad (125ms)
			ProcessInitializeOnLoadAttributes (388ms)
			ProcessInitializeOnLoadMethodAttributes (41ms)
			AfterProcessingInitializeOnLoad (10ms)
		AwakeInstancesAfterBackupRestoration (7ms)
Refreshing native plugins compatible for Editor in 2.05 ms, found 3 plugins.
Unloading 1 Unused Serialized files (Serialized files now loaded: 0)
Unloading 3791 unused Assets / (1.4 MB). Loaded Objects now: 4460.
Memory consumption went from 164.5 MB to 163.2 MB.
Total: 9.302700 ms (FindLiveObjects: 0.983100 ms CreateObjectMapping: 0.444800 ms MarkObjects: 5.627900 ms  DeleteObjects: 2.245600 ms)

Prepare: number of updated asset objects reloaded= 0
========================================================================
Received Prepare
Begin MonoManager ReloadAssembly
Assembly Assembly-CSharp-Editor-firstpass.dll at Library/ScriptAssemblies/Assembly-CSharp-Editor-firstpass.dll not valid. Loading of assembly skipped.
Assembly Assembly-CSharp-firstpass.dll at Library/ScriptAssemblies/Assembly-CSharp-firstpass.dll not valid. Loading of assembly skipped.
Assembly Cinemachine.Editor.Tests.dll at Library/ScriptAssemblies/Cinemachine.Editor.Tests.dll not valid. Loading of assembly skipped.
Assembly Cinemachine.Runtime.Tests.dll at Library/ScriptAssemblies/Cinemachine.Runtime.Tests.dll not valid. Loading of assembly skipped.
Assembly DocCodeExamples.dll at Library/ScriptAssemblies/DocCodeExamples.dll not valid. Loading of assembly skipped.
Assembly TestNewCustomAssembly.dll at Library/ScriptAssemblies/TestNewCustomAssembly.dll not valid. Loading of assembly skipped.
Assembly Unity.Multiplayer.Center.Editor.Tests.dll at Library/ScriptAssemblies/Unity.Multiplayer.Center.Editor.Tests.dll not valid. Loading of assembly skipped.
Assembly Unity.Multiplayer.Center.Tests.dll at Library/ScriptAssemblies/Unity.Multiplayer.Center.Tests.dll not valid. Loading of assembly skipped.
Assembly Unity.Performance.Profile-Analyzer.EditorTests.dll at Library/ScriptAssemblies/Unity.Performance.Profile-Analyzer.EditorTests.dll not valid. Loading of assembly skipped.
Assembly Unity.Settings.Tests.dll at Library/ScriptAssemblies/Unity.Settings.Tests.dll not valid. Loading of assembly skipped.
Assembly Unity.TestTools.CodeCoverage.Editor.Compatibility.dll at Library/ScriptAssemblies/Unity.TestTools.CodeCoverage.Editor.Compatibility.dll not valid. Loading of assembly skipped.
Assembly Unity.TextMeshPro.Editor.Tests.dll at Library/ScriptAssemblies/Unity.TextMeshPro.Editor.Tests.dll not valid. Loading of assembly skipped.
Assembly Unity.TextMeshPro.Tests.dll at Library/ScriptAssemblies/Unity.TextMeshPro.Tests.dll not valid. Loading of assembly skipped.
Assembly UnityEditor.UI.Common.Tests.dll at Library/ScriptAssemblies/UnityEditor.UI.Common.Tests.dll not valid. Loading of assembly skipped.
Assembly UnityEditor.UI.EditorTests.dll at Library/ScriptAssemblies/UnityEditor.UI.EditorTests.dll not valid. Loading of assembly skipped.
Assembly UnityEngine.UI.Tests.dll at Library/ScriptAssemblies/UnityEngine.UI.Tests.dll not valid. Loading of assembly skipped.
Assertion failed on expression: 'pred(*previous, *i)'
Native extension for WindowsStandalone target not found
[Package Manager] Failed to launch server process. Reason: Unity was launched with the -noUpm command-line argument
[Package Manager] Unable to send message (not connected to server process).
[Package Manager] Cannot connect to Unity Package Manager local server
[Package Manager] Failed to launch server process. Reason: Unity was launched with the -noUpm command-line argument
[Package Manager] Unable to send message (not connected to server process).
[Package Manager] Cannot connect to Unity Package Manager local server
ScheduleIndexationOnStartup MainProcess:False IndexOnStartup:True
Mono: successfully reloaded assembly
- Finished resetting the current domain, in  0.713 seconds
Domain Reload Profiling: 1459ms
	BeginReloadAssembly (226ms)
		DisableScriptedObjects (5ms)
		CreateAndSetChildDomain (54ms)
	RebuildCommonClasses (40ms)
	RebuildNativeTypeToScriptingClass (13ms)
	initialDomainReloadingComplete (71ms)
	LoadAllAssembliesAndSetupDomain (396ms)
		LoadAssemblies (323ms)
		AnalyzeDomain (185ms)
			TypeCache.Refresh (8ms)
			BuildScriptInfoCaches (169ms)
			ResolveRequiredComponents (7ms)
	FinalizeReload (713ms)
		SetupLoadedEditorAssemblies (0ms)
			BeforeProcessingInitializeOnLoad (125ms)
			ProcessInitializeOnLoadAttributes (374ms)
			ProcessInitializeOnLoadMethodAttributes (46ms)
			AfterProcessingInitializeOnLoad (11ms)
		AwakeInstancesAfterBackupRestoration (7ms)
Refreshing native plugins compatible for Editor in 2.25 ms, found 3 plugins.
Unloading 1 Unused Serialized files (Serialized files now loaded: 0)
Unloading 3791 unused Assets / (1.3 MB). Loaded Objects now: 4461.
Memory consumption went from 166.1 MB to 164.8 MB.
Total: 9.425400 ms (FindLiveObjects: 0.610200 ms CreateObjectMapping: 0.282400 ms MarkObjects: 7.039700 ms  DeleteObjects: 1.492100 ms)

Prepare: number of updated asset objects reloaded= 0
